[2026-03-16 01:04:33] Smoke execution started. baseline_module_args=['-pl', 'herd-code/herd-core'] pit_module_args=['-pl', 'herd-code/herd-core'] test_classes=-Dtest=ConfigurationHelperTest#testGetPropertyReturnDefaultWhenValueConversionFails target_tests=['org.finra.herd.core.helper.ConfigurationHelperTest'] target_classes=['org.finra.herd.core.helper.ConfigurationHelper'] ast_test_method=testGetPropertyReturnDefaultWhenValueConversionFails ast_focal_method=getProperty excluded_mutation_methods=['getBigDecimalRequiredProperty', 'getBooleanProperty', 'getNonNegativeBigDecimalRequiredProperty', 'getPropertyAsString', 'getRequiredProperty', 'logErrorAndThrowIllegalStateException'] timeout=900s
[2026-03-16 01:04:33] Maven baseline command: mvn.cmd -o -B -pl herd-code/herd-core -Dtest=ConfigurationHelperTest#testGetPropertyReturnDefaultWhenValueConversionFails -Drat.skip=true -DfailIfNoTests=false -Dcheckstyle.skip=true jacoco:prepare-agent test jacoco:report
[2026-03-16 01:04:33] Maven PIT command: mvn.cmd -o -B -pl herd-code/herd-core -DtargetTests=org.finra.herd.core.helper.ConfigurationHelperTest -DtargetClasses=org.finra.herd.core.helper.ConfigurationHelper -DincludedTestMethods=testGetPropertyReturnDefaultWhenValueConversionFails -Dpitest.includedMethods=getProperty -DexcludedMethods=getBigDecimalRequiredProperty,getBooleanProperty,getNonNegativeBigDecimalRequiredProperty,getPropertyAsString,getRequiredProperty,logErrorAndThrowIllegalStateException -DfailWhenNoMutations=false -Dthreads=1 -DtimeoutConstant=120000 -DtimeoutFactor=4.0 -DparseSurefireArgLine=false -Dfeatures=-auto_threads -Drat.skip=true -DfailIfNoTests=false -Dcheckstyle.skip=true org.pitest:pitest-maven:mutationCoverage
[2026-03-16 01:04:33] Starting smoke baseline-test command=mvn.cmd -o -B -pl herd-code/herd-core -Dtest=ConfigurationHelperTest#testGetPropertyReturnDefaultWhenValueConversionFails -Drat.skip=true -DfailIfNoTests=false -Dcheckstyle.skip=true jacoco:prepare-agent test jacoco:report cwd=C:\Users\osart\ATR_ProjectV2\compiledrepos\worker_dualA\42949039

===== MAVEN BASELINE-TEST START =====
[INFO] Scanning for projects...
[INFO] 
[INFO] ----------------------< org.finra.herd:herd-core >----------------------
[INFO] Building herd core 0.176.0-SNAPSHOT
[INFO]   from pom.xml
[INFO] --------------------------------[ jar ]---------------------------------
[INFO] 
[INFO] --- jacoco:0.8.7:prepare-agent (default-cli) @ herd-core ---
[INFO] surefireArgLine set to -javaagent:C:\\Users\\osart\\.m2\\repository\\org\\jacoco\\org.jacoco.agent\\0.8.7\\org.jacoco.agent-0.8.7-runtime.jar=destfile=C:\\Users\\osart\\ATR_ProjectV2\\compiledrepos\\worker_dualA\\42949039\\herd-code\\herd-core\\target\\jacoco.exec,includes=org/finra/herd/core/helper/ConfigurationHelper*,output=file
[INFO] 
[INFO] --- jacoco:0.8.7:prepare-agent (jacoco-initialize) @ herd-core ---
[INFO] surefireArgLine set to -javaagent:C:\\Users\\osart\\.m2\\repository\\org\\jacoco\\org.jacoco.agent\\0.8.7\\org.jacoco.agent-0.8.7-runtime.jar=destfile=C:\\Users\\osart\\ATR_ProjectV2\\compiledrepos\\worker_dualA\\42949039\\herd-code\\herd-core\\target\\jacoco.exec,includes=org/finra/herd/core/helper/ConfigurationHelper*,output=file
[INFO] 
[INFO] --- build-helper:3.0.0:add-source (default) @ herd-core ---
[INFO] Source directory: C:\Users\osart\ATR_ProjectV2\compiledrepos\worker_dualA\42949039\herd-code\herd-core\target\generated-sources added.
[INFO] 
[INFO] --- resources:3.0.2:resources (default-resources) @ herd-core ---
[INFO] Using 'UTF-8' encoding to copy filtered resources.
[INFO] Copying 1 resource
[INFO] Copying 2 resources
[INFO] 
[INFO] --- flatten:1.1.0:flatten (flatten) @ herd-core ---
[INFO] Generating flattened POM of project org.finra.herd:herd-core:jar:0.176.0-SNAPSHOT...
[INFO] 
[INFO] --- compiler:3.7.0:compile (default-compile) @ herd-core ---
[INFO] Changes detected - recompiling the module!
[INFO] Compiling 14 source files to C:\Users\osart\ATR_ProjectV2\compiledrepos\worker_dualA\42949039\herd-code\herd-core\target\classes
[INFO] 
[INFO] --- resources:3.0.2:testResources (default-testResources) @ herd-core ---
[INFO] Using 'UTF-8' encoding to copy filtered resources.
[INFO] Copying 1 resource
[INFO] 
[INFO] --- compiler:3.7.0:testCompile (default-testCompile) @ herd-core ---
[INFO] Changes detected - recompiling the module!
[INFO] Compiling 18 source files to C:\Users\osart\ATR_ProjectV2\compiledrepos\worker_dualA\42949039\herd-code\herd-core\target\test-classes
[INFO] /C:/Users/osart/ATR_ProjectV2/compiledrepos/worker_dualA/42949039/herd-code/herd-core/src/test/java/org/finra/herd/core/AbstractCoreTest.java: C:\Users\osart\ATR_ProjectV2\compiledrepos\worker_dualA\42949039\herd-code\herd-core\src\test\java\org\finra\herd\core\AbstractCoreTest.java uses or overrides a deprecated API.
[INFO] /C:/Users/osart/ATR_ProjectV2/compiledrepos/worker_dualA/42949039/herd-code/herd-core/src/test/java/org/finra/herd/core/AbstractCoreTest.java: Recompile with -Xlint:deprecation for details.
[INFO] 
[INFO] --- surefire:2.22.2:test (default-test) @ herd-core ---
[INFO] 
[INFO] -------------------------------------------------------
[INFO]  T E S T S
[INFO] -------------------------------------------------------
[INFO] Running org.finra.herd.core.helper.ConfigurationHelperTest
[INFO] Tests run: 1, Failures: 0, Errors: 0, Skipped: 0, Time elapsed: 3.619 s - in org.finra.herd.core.helper.ConfigurationHelperTest
[INFO] 
[INFO] Results:
[INFO] 
[INFO] Tests run: 1, Failures: 0, Errors: 0, Skipped: 0
[INFO] 
[INFO] 
[INFO] --- jacoco:0.8.7:report (jacoco-site) @ herd-core ---
[INFO] Loading execution data file C:\Users\osart\ATR_ProjectV2\compiledrepos\worker_dualA\42949039\herd-code\herd-core\target\jacoco.exec
[INFO] Analyzed bundle 'herd core' with 1 classes
[INFO] 
[INFO] --- jacoco:0.8.7:report (default-cli) @ herd-core ---
[INFO] Loading execution data file C:\Users\osart\ATR_ProjectV2\compiledrepos\worker_dualA\42949039\herd-code\herd-core\target\jacoco.exec
[INFO] Analyzed bundle 'herd core' with 1 classes
[INFO] ------------------------------------------------------------------------
[INFO] BUILD SUCCESS
[INFO] ------------------------------------------------------------------------
[INFO] Total time:  34.291 s
[INFO] Finished at: 2026-03-16T01:05:14-04:00
[INFO] ------------------------------------------------------------------------

===== MAVEN BASELINE-TEST END returncode=0 =====
[2026-03-16 01:05:15] Finished smoke baseline-test in 41.08s with returncode=0
[2026-03-16 01:05:15] Smoke execution started. baseline_module_args=['-pl', 'herd-code/herd-core'] pit_module_args=['-pl', 'herd-code/herd-core'] test_classes=-Dtest=ConfigurationHelperTest#testGetPropertyReturnDefaultWhenValueConversionFails target_tests=['org.finra.herd.core.helper.ConfigurationHelperTest'] target_classes=['org.finra.herd.core.helper.ConfigurationHelper'] ast_test_method=testGetPropertyReturnDefaultWhenValueConversionFails ast_focal_method=getProperty excluded_mutation_methods=['getBigDecimalRequiredProperty', 'getBooleanProperty', 'getNonNegativeBigDecimalRequiredProperty', 'getPropertyAsString', 'getRequiredProperty', 'logErrorAndThrowIllegalStateException'] timeout=900s
[2026-03-16 01:05:15] Maven baseline command: mvn.cmd -o -B -pl herd-code/herd-core -Dtest=ConfigurationHelperTest#testGetPropertyReturnDefaultWhenValueConversionFails -Drat.skip=true -DfailIfNoTests=false -Dcheckstyle.skip=true jacoco:prepare-agent test jacoco:report
[2026-03-16 01:05:15] Maven PIT command: mvn.cmd -o -B -pl herd-code/herd-core -DtargetTests=org.finra.herd.core.helper.ConfigurationHelperTest -DtargetClasses=org.finra.herd.core.helper.ConfigurationHelper -DincludedTestMethods=testGetPropertyReturnDefaultWhenValueConversionFails -Dpitest.includedMethods=getProperty -DexcludedMethods=getBigDecimalRequiredProperty,getBooleanProperty,getNonNegativeBigDecimalRequiredProperty,getPropertyAsString,getRequiredProperty,logErrorAndThrowIllegalStateException -DfailWhenNoMutations=false -Dthreads=1 -DtimeoutConstant=120000 -DtimeoutFactor=4.0 -DparseSurefireArgLine=false -Dfeatures=-auto_threads -Drat.skip=true -DfailIfNoTests=false -Dcheckstyle.skip=true org.pitest:pitest-maven:mutationCoverage
[2026-03-16 01:05:15] Starting smoke pit-targeted command=mvn.cmd -o -B -pl herd-code/herd-core -DtargetTests=org.finra.herd.core.helper.ConfigurationHelperTest -DtargetClasses=org.finra.herd.core.helper.ConfigurationHelper -DincludedTestMethods=testGetPropertyReturnDefaultWhenValueConversionFails -Dpitest.includedMethods=getProperty -DexcludedMethods=getBigDecimalRequiredProperty,getBooleanProperty,getNonNegativeBigDecimalRequiredProperty,getPropertyAsString,getRequiredProperty,logErrorAndThrowIllegalStateException -DfailWhenNoMutations=false -Dthreads=1 -DtimeoutConstant=120000 -DtimeoutFactor=4.0 -DparseSurefireArgLine=false -Dfeatures=-auto_threads -Drat.skip=true -DfailIfNoTests=false -Dcheckstyle.skip=true org.pitest:pitest-maven:mutationCoverage cwd=C:\Users\osart\ATR_ProjectV2\compiledrepos\worker_dualA\42949039

===== MAVEN PIT-TARGETED START =====
[INFO] Scanning for projects...
[INFO] 
[INFO] ----------------------< org.finra.herd:herd-core >----------------------
[INFO] Building herd core 0.176.0-SNAPSHOT
[INFO]   from pom.xml
[INFO] --------------------------------[ jar ]---------------------------------
[INFO] 
[INFO] --- pitest:1.16.0:mutationCoverage (default-cli) @ herd-core ---
[INFO] Root dir is : C:\Users\osart\ATR_ProjectV2\compiledrepos\worker_dualA\42949039
[INFO] Found plugin : Default csv report plugin
[INFO] Found plugin : Default xml report plugin
[INFO] Found plugin : Default html report plugin
[INFO] Found plugin : Static initializer code detector plugin
[INFO] Found plugin : Excluded annotations plugin
[INFO] Found plugin : Try with resources filter
[INFO] Found plugin : Inlined finally block filter plugin
[INFO] Found plugin : Implicit null check filter
[INFO] Found plugin : Method reference null check filter
[INFO] Found plugin : For each loop filter
[INFO] Found plugin : Enum junk filter
[INFO] Found plugin : Record junk mutation filter
[INFO] Found plugin : String switch filter
[INFO] Found plugin : Assertions filter
[INFO] Found plugin : Enum switch filter
[INFO] Found plugin : Logging calls filter
[INFO] Found plugin : Infinite for loop filter
[INFO] Found plugin : Long running iterator loop filter
[INFO] Found plugin : For loop counter filter
[INFO] Found plugin : Kotlin junk mutations filter
[INFO] Found plugin : Groovy junk mutations filter
[INFO] Found plugin : Max mutations per class limit
[INFO] Found plugin : Equals shortcut equivalent mutant filter
[INFO] Found plugin : Trivial return vals equivalence filter
[INFO] Found plugin : Filters mutants with line number <= 1
[INFO] Found plugin : Division by one equivalent mutant filter
[INFO] Found plugin : Lombok junk mutations filter
[INFO] Found plugin : Filter mutations to defensive wrappers such as unmodifiableCollection on return or field write
[INFO] Found plugin : Mutant export plugin
[INFO] Found plugin : Auto add java.awt.headless=true to keep keyboard focus on Mac OS
[INFO] Found plugin : Auto set number of threads based on machine
[INFO] Found plugin : Automatically add -ea to launch args to enable assertions
[INFO] Found plugin : Default build verifier
[INFO] Found plugin : Detect missing JUnit5 plugin
[INFO] Found plugin : Detect missing TestNG plugin
[INFO] Found plugin : Detect missing kotlin plugin
[INFO] Found plugin : Detect missing spring plugin
[INFO] Found plugin : Default coverage exporter
[INFO] Found shared classpath plugin : Default mutation engine
[INFO] Found shared classpath plugin : JUnit plugin
[INFO] Available mutators : EXPERIMENTAL_ARGUMENT_PROPAGATION,FALSE_RETURNS,TRUE_RETURNS,CONDITIONALS_BOUNDARY,CONSTRUCTOR_CALLS,EMPTY_RETURNS,INCREMENTS,INLINE_CONSTS,INVERT_NEGS,MATH,NEGATE_CONDITIONALS,NON_VOID_METHOD_CALLS,NULL_RETURNS,PRIMITIVE_RETURNS,REMOVE_CONDITIONALS_EQUAL_IF,REMOVE_CONDITIONALS_EQUAL_ELSE,REMOVE_CONDITIONALS_ORDER_IF,REMOVE_CONDITIONALS_ORDER_ELSE,VOID_METHOD_CALLS,EXPERIMENTAL_BIG_DECIMAL,EXPERIMENTAL_BIG_INTEGER,EXPERIMENTAL_MEMBER_VARIABLE,EXPERIMENTAL_NAKED_RECEIVER,REMOVE_INCREMENTS,EXPERIMENTAL_SWITCH,EXPERIMENTAL_BIG_DECIMAL,EXPERIMENTAL_BIG_INTEGER
[INFO] Adding org.pitest:pitest to SUT classpath
[INFO] Mutating from C:\Users\osart\ATR_ProjectV2\compiledrepos\worker_dualA\42949039\herd-code\herd-core\target\classes
1:05:37 AM PIT >> INFO : Verbose logging is disabled. If you encounter a problem, please enable it before reporting an issue.
1:05:37 AM PIT >> INFO : Created 1 mutation test units in pre scan
1:05:38 AM PIT >> INFO : Sending 1 test classes to minion
1:05:38 AM PIT >> INFO : Sent tests to minion
/1:05:42 AM PIT >> INFO : Calculated coverage in 5 seconds.
1:05:42 AM PIT >> INFO : Created 1 mutation test units
/1:05:48 AM PIT >> INFO : Completed in 11 seconds
================================================================================
- Mutators
================================================================================
> org.pitest.mutationtest.engine.gregor.mutators.returns.NullReturnValsMutator
>> Generated 2 Killed 1 (50%)
> KILLED 1 SURVIVED 1 TIMED_OUT 0 NON_VIABLE 0 
> MEMORY_ERROR 0 NOT_STARTED 0 STARTED 0 RUN_ERROR 0 
> NO_COVERAGE 0 
--------------------------------------------------------------------------------
> org.pitest.mutationtest.engine.gregor.mutators.returns.EmptyObjectReturnValsMutator
>> Generated 2 Killed 0 (0%)
> KILLED 0 SURVIVED 0 TIMED_OUT 0 NON_VIABLE 0 
> MEMORY_ERROR 0 NOT_STARTED 0 STARTED 0 RUN_ERROR 0 
> NO_COVERAGE 2 
--------------------------------------------------------------------------------
> org.pitest.mutationtest.engine.gregor.mutators.NegateConditionalsMutator
>> Generated 4 Killed 3 (75%)
> KILLED 3 SURVIVED 1 TIMED_OUT 0 NON_VIABLE 0 
> MEMORY_ERROR 0 NOT_STARTED 0 STARTED 0 RUN_ERROR 0 
> NO_COVERAGE 0 
--------------------------------------------------------------------------------
================================================================================
- Timings
================================================================================
> pre-scan for mutations : < 1 second
> scan classpath : < 1 second
> coverage and dependency analysis : 5 seconds
> build mutation tests : < 1 second
> run mutation analysis : 5 seconds
--------------------------------------------------------------------------------
> Total  : 11 seconds
--------------------------------------------------------------------------------
================================================================================
- Statistics
================================================================================
>> Line Coverage (for mutated classes only): 16/55 (29%)
>> Generated 8 mutations Killed 4 (50%)
>> Mutations with no coverage 2. Test strength 67%
>> Ran 6 tests (0.75 tests per mutation)
Enhanced functionality available at https://www.arcmutate.com/

Build messages:- 
* Project uses Spring, but the Arcmutate Spring plugin is not present. (https://docs.arcmutate.com/docs/spring.html)
[INFO] ------------------------------------------------------------------------
[INFO] BUILD SUCCESS
[INFO] ------------------------------------------------------------------------
[INFO] Total time:  26.586 s
[INFO] Finished at: 2026-03-16T01:05:48-04:00
[INFO] ------------------------------------------------------------------------

===== MAVEN PIT-TARGETED END returncode=0 =====
[2026-03-16 01:05:50] Finished smoke pit-targeted in 34.80s with returncode=0
[2026-03-16 01:05:53] Smoke execution started. baseline_module_args=['-pl', 'herd-code/herd-core'] pit_module_args=['-pl', 'herd-code/herd-core'] test_classes=-Dtest=ConfigurationHelperTest#testGetPropertyReturnDefaultWhenValueConversionFails target_tests=['org.finra.herd.core.helper.ConfigurationHelperTest'] target_classes=['org.finra.herd.core.helper.ConfigurationHelper'] ast_test_method=testGetPropertyReturnDefaultWhenValueConversionFails ast_focal_method=getProperty excluded_mutation_methods=['getBigDecimalRequiredProperty', 'getBooleanProperty', 'getNonNegativeBigDecimalRequiredProperty', 'getPropertyAsString', 'getRequiredProperty', 'logErrorAndThrowIllegalStateException'] timeout=900s
[2026-03-16 01:05:53] Maven baseline command: mvn.cmd -o -B -pl herd-code/herd-core -Dtest=ConfigurationHelperTest#testGetPropertyReturnDefaultWhenValueConversionFails -Drat.skip=true -DfailIfNoTests=false -Dcheckstyle.skip=true jacoco:prepare-agent test jacoco:report
[2026-03-16 01:05:53] Maven PIT command: mvn.cmd -o -B -pl herd-code/herd-core -DtargetTests=org.finra.herd.core.helper.ConfigurationHelperTest -DtargetClasses=org.finra.herd.core.helper.ConfigurationHelper -DincludedTestMethods=testGetPropertyReturnDefaultWhenValueConversionFails -Dpitest.includedMethods=getProperty -DexcludedMethods=getBigDecimalRequiredProperty,getBooleanProperty,getNonNegativeBigDecimalRequiredProperty,getPropertyAsString,getRequiredProperty,logErrorAndThrowIllegalStateException -DfailWhenNoMutations=false -Dthreads=1 -DtimeoutConstant=120000 -DtimeoutFactor=4.0 -DparseSurefireArgLine=false -Dfeatures=-auto_threads -Drat.skip=true -DfailIfNoTests=false -Dcheckstyle.skip=true org.pitest:pitest-maven:mutationCoverage
[2026-03-16 01:05:53] Starting smoke baseline-test command=mvn.cmd -o -B -pl herd-code/herd-core -Dtest=ConfigurationHelperTest#testGetPropertyReturnDefaultWhenValueConversionFails -Drat.skip=true -DfailIfNoTests=false -Dcheckstyle.skip=true jacoco:prepare-agent test jacoco:report cwd=C:\Users\osart\ATR_ProjectV2\compiledrepos\worker_dualA\42949039

===== MAVEN BASELINE-TEST START =====
[INFO] Scanning for projects...
[INFO] 
[INFO] ----------------------< org.finra.herd:herd-core >----------------------
[INFO] Building herd core 0.176.0-SNAPSHOT
[INFO]   from pom.xml
[INFO] --------------------------------[ jar ]---------------------------------
[INFO] 
[INFO] --- jacoco:0.8.7:prepare-agent (default-cli) @ herd-core ---
[INFO] surefireArgLine set to -javaagent:C:\\Users\\osart\\.m2\\repository\\org\\jacoco\\org.jacoco.agent\\0.8.7\\org.jacoco.agent-0.8.7-runtime.jar=destfile=C:\\Users\\osart\\ATR_ProjectV2\\compiledrepos\\worker_dualA\\42949039\\herd-code\\herd-core\\target\\jacoco.exec,includes=org/finra/herd/core/helper/ConfigurationHelper*,output=file
[INFO] 
[INFO] --- jacoco:0.8.7:prepare-agent (jacoco-initialize) @ herd-core ---
[INFO] surefireArgLine set to -javaagent:C:\\Users\\osart\\.m2\\repository\\org\\jacoco\\org.jacoco.agent\\0.8.7\\org.jacoco.agent-0.8.7-runtime.jar=destfile=C:\\Users\\osart\\ATR_ProjectV2\\compiledrepos\\worker_dualA\\42949039\\herd-code\\herd-core\\target\\jacoco.exec,includes=org/finra/herd/core/helper/ConfigurationHelper*,output=file
[INFO] 
[INFO] --- build-helper:3.0.0:add-source (default) @ herd-core ---
[INFO] Source directory: C:\Users\osart\ATR_ProjectV2\compiledrepos\worker_dualA\42949039\herd-code\herd-core\target\generated-sources added.
[INFO] 
[INFO] --- resources:3.0.2:resources (default-resources) @ herd-core ---
[INFO] Using 'UTF-8' encoding to copy filtered resources.
[INFO] Copying 1 resource
[INFO] Copying 2 resources
[INFO] 
[INFO] --- flatten:1.1.0:flatten (flatten) @ herd-core ---
[INFO] Generating flattened POM of project org.finra.herd:herd-core:jar:0.176.0-SNAPSHOT...
[INFO] 
[INFO] --- compiler:3.7.0:compile (default-compile) @ herd-core ---
[INFO] Changes detected - recompiling the module!
[INFO] Compiling 14 source files to C:\Users\osart\ATR_ProjectV2\compiledrepos\worker_dualA\42949039\herd-code\herd-core\target\classes
[INFO] 
[INFO] --- resources:3.0.2:testResources (default-testResources) @ herd-core ---
[INFO] Using 'UTF-8' encoding to copy filtered resources.
[INFO] Copying 1 resource
[INFO] 
[INFO] --- compiler:3.7.0:testCompile (default-testCompile) @ herd-core ---
[INFO] Nothing to compile - all classes are up to date
[INFO] 
[INFO] --- surefire:2.22.2:test (default-test) @ herd-core ---
[INFO] 
[INFO] -------------------------------------------------------
[INFO]  T E S T S
[INFO] -------------------------------------------------------
[INFO] Running org.finra.herd.core.helper.ConfigurationHelperTest
[INFO] Tests run: 1, Failures: 0, Errors: 0, Skipped: 0, Time elapsed: 3.426 s - in org.finra.herd.core.helper.ConfigurationHelperTest
[INFO] 
[INFO] Results:
[INFO] 
[INFO] Tests run: 1, Failures: 0, Errors: 0, Skipped: 0
[INFO] 
[INFO] 
[INFO] --- jacoco:0.8.7:report (jacoco-site) @ herd-core ---
[INFO] Loading execution data file C:\Users\osart\ATR_ProjectV2\compiledrepos\worker_dualA\42949039\herd-code\herd-core\target\jacoco.exec
[INFO] Analyzed bundle 'herd core' with 1 classes
[INFO] 
[INFO] --- jacoco:0.8.7:report (default-cli) @ herd-core ---
[INFO] Loading execution data file C:\Users\osart\ATR_ProjectV2\compiledrepos\worker_dualA\42949039\herd-code\herd-core\target\jacoco.exec
[INFO] Analyzed bundle 'herd core' with 1 classes
[INFO] ------------------------------------------------------------------------
[INFO] BUILD SUCCESS
[INFO] ------------------------------------------------------------------------
[INFO] Total time:  26.386 s
[INFO] Finished at: 2026-03-16T01:06:27-04:00
[INFO] ------------------------------------------------------------------------

===== MAVEN BASELINE-TEST END returncode=0 =====
[2026-03-16 01:06:27] Finished smoke baseline-test in 34.06s with returncode=0
[2026-03-16 01:06:27] [MutationLiveGate] Quiet mutation detected for focal=compiledrepos/worker_dualA/42949039/herd-code/herd-core/src/main/java/org/finra/herd/core/helper/ConfigurationHelper.java; starting prioritized retries (limit=2).
[2026-03-16 01:06:27] [MutationLiveGate] Retry 1 applied mutation type=logical class=NEGATE_CONDITIONALS.
[2026-03-16 01:06:28] Smoke execution started. baseline_module_args=['-pl', 'herd-code/herd-core'] pit_module_args=['-pl', 'herd-code/herd-core'] test_classes=-Dtest=ConfigurationHelperTest#testGetPropertyReturnDefaultWhenValueConversionFails target_tests=['org.finra.herd.core.helper.ConfigurationHelperTest'] target_classes=['org.finra.herd.core.helper.ConfigurationHelper'] ast_test_method=testGetPropertyReturnDefaultWhenValueConversionFails ast_focal_method=getProperty excluded_mutation_methods=['getBigDecimalRequiredProperty', 'getBooleanProperty', 'getNonNegativeBigDecimalRequiredProperty', 'getPropertyAsString', 'getRequiredProperty', 'logErrorAndThrowIllegalStateException'] timeout=900s
[2026-03-16 01:06:28] Maven baseline command: mvn.cmd -o -B -pl herd-code/herd-core -Dtest=ConfigurationHelperTest#testGetPropertyReturnDefaultWhenValueConversionFails -Drat.skip=true -DfailIfNoTests=false -Dcheckstyle.skip=true jacoco:prepare-agent test jacoco:report
[2026-03-16 01:06:28] Maven PIT command: mvn.cmd -o -B -pl herd-code/herd-core -DtargetTests=org.finra.herd.core.helper.ConfigurationHelperTest -DtargetClasses=org.finra.herd.core.helper.ConfigurationHelper -DincludedTestMethods=testGetPropertyReturnDefaultWhenValueConversionFails -Dpitest.includedMethods=getProperty -DexcludedMethods=getBigDecimalRequiredProperty,getBooleanProperty,getNonNegativeBigDecimalRequiredProperty,getPropertyAsString,getRequiredProperty,logErrorAndThrowIllegalStateException -DfailWhenNoMutations=false -Dthreads=1 -DtimeoutConstant=120000 -DtimeoutFactor=4.0 -DparseSurefireArgLine=false -Dfeatures=-auto_threads -Drat.skip=true -DfailIfNoTests=false -Dcheckstyle.skip=true org.pitest:pitest-maven:mutationCoverage
[2026-03-16 01:06:28] Starting smoke baseline-test command=mvn.cmd -o -B -pl herd-code/herd-core -Dtest=ConfigurationHelperTest#testGetPropertyReturnDefaultWhenValueConversionFails -Drat.skip=true -DfailIfNoTests=false -Dcheckstyle.skip=true jacoco:prepare-agent test jacoco:report cwd=C:\Users\osart\ATR_ProjectV2\compiledrepos\worker_dualA\42949039

===== MAVEN BASELINE-TEST START =====
[INFO] Scanning for projects...
[INFO] 
[INFO] ----------------------< org.finra.herd:herd-core >----------------------
[INFO] Building herd core 0.176.0-SNAPSHOT
[INFO]   from pom.xml
[INFO] --------------------------------[ jar ]---------------------------------
[INFO] 
[INFO] --- jacoco:0.8.7:prepare-agent (default-cli) @ herd-core ---
[INFO] surefireArgLine set to -javaagent:C:\\Users\\osart\\.m2\\repository\\org\\jacoco\\org.jacoco.agent\\0.8.7\\org.jacoco.agent-0.8.7-runtime.jar=destfile=C:\\Users\\osart\\ATR_ProjectV2\\compiledrepos\\worker_dualA\\42949039\\herd-code\\herd-core\\target\\jacoco.exec,includes=org/finra/herd/core/helper/ConfigurationHelper*,output=file
[INFO] 
[INFO] --- jacoco:0.8.7:prepare-agent (jacoco-initialize) @ herd-core ---
[INFO] surefireArgLine set to -javaagent:C:\\Users\\osart\\.m2\\repository\\org\\jacoco\\org.jacoco.agent\\0.8.7\\org.jacoco.agent-0.8.7-runtime.jar=destfile=C:\\Users\\osart\\ATR_ProjectV2\\compiledrepos\\worker_dualA\\42949039\\herd-code\\herd-core\\target\\jacoco.exec,includes=org/finra/herd/core/helper/ConfigurationHelper*,output=file
[INFO] 
[INFO] --- build-helper:3.0.0:add-source (default) @ herd-core ---
[INFO] Source directory: C:\Users\osart\ATR_ProjectV2\compiledrepos\worker_dualA\42949039\herd-code\herd-core\target\generated-sources added.
[INFO] 
[INFO] --- resources:3.0.2:resources (default-resources) @ herd-core ---
[INFO] Using 'UTF-8' encoding to copy filtered resources.
[INFO] Copying 1 resource
[INFO] Copying 2 resources
[INFO] 
[INFO] --- flatten:1.1.0:flatten (flatten) @ herd-core ---
[INFO] Generating flattened POM of project org.finra.herd:herd-core:jar:0.176.0-SNAPSHOT...
[INFO] 
[INFO] --- compiler:3.7.0:compile (default-compile) @ herd-core ---
[INFO] Changes detected - recompiling the module!
[INFO] Compiling 14 source files to C:\Users\osart\ATR_ProjectV2\compiledrepos\worker_dualA\42949039\herd-code\herd-core\target\classes
[INFO] 
[INFO] --- resources:3.0.2:testResources (default-testResources) @ herd-core ---
[INFO] Using 'UTF-8' encoding to copy filtered resources.
[INFO] Copying 1 resource
[INFO] 
[INFO] --- compiler:3.7.0:testCompile (default-testCompile) @ herd-core ---
[INFO] Nothing to compile - all classes are up to date
[INFO] 
[INFO] --- surefire:2.22.2:test (default-test) @ herd-core ---
[INFO] 
[INFO] -------------------------------------------------------
[INFO]  T E S T S
[INFO] -------------------------------------------------------
[INFO] Running org.finra.herd.core.helper.ConfigurationHelperTest
Mar-16-2026 01:06:57.640 [main] WARN  org.springframework.context.support.GenericApplicationContext.refresh - Exception encountered during context initialization - cancelling refresh attempt: org.springframework.beans.factory.BeanCreationException: Error creating bean with name 'org.springframework.scheduling.annotation.ProxyAsyncConfiguration': Initialization of bean failed; nested exception is org.springframework.beans.factory.BeanCreationException: Error creating bean with name 'getAsyncExecutor' defined in org.finra.herd.core.config.CoreSpringModuleConfig: Bean instantiation via factory method failed; nested exception is org.springframework.beans.BeanInstantiationException: Failed to instantiate [java.util.concurrent.Executor]: Factory method 'getAsyncExecutor' threw exception; nested exception is java.lang.IllegalStateException: configurationValue is required
Mar-16-2026 01:06:57.649 [main] ERROR org.springframework.test.context.TestContextManager.prepareTestInstance - Caught exception while allowing TestExecutionListener [org.springframework.test.context.support.DependencyInjectionTestExecutionListener@79517588] to prepare test instance [org.finra.herd.core.helper.ConfigurationHelperTest@3a0baae5]
java.lang.IllegalStateException: Failed to load ApplicationContext
	at org.springframework.test.context.cache.DefaultCacheAwareContextLoaderDelegate.loadContext(DefaultCacheAwareContextLoaderDelegate.java:124) ~[spring-test-4.3.30.RELEASE.jar:4.3.30.RELEASE]
	at org.springframework.test.context.support.DefaultTestContext.getApplicationContext(DefaultTestContext.java:83) ~[spring-test-4.3.30.RELEASE.jar:4.3.30.RELEASE]
	at org.springframework.test.context.support.DependencyInjectionTestExecutionListener.injectDependencies(DependencyInjectionTestExecutionListener.java:117) ~[spring-test-4.3.30.RELEASE.jar:4.3.30.RELEASE]
	at org.springframework.test.context.support.DependencyInjectionTestExecutionListener.prepareTestInstance(DependencyInjectionTestExecutionListener.java:83) ~[spring-test-4.3.30.RELEASE.jar:4.3.30.RELEASE]
	at org.springframework.test.context.TestContextManager.prepareTestInstance(TestContextManager.java:230) [spring-test-4.3.30.RELEASE.jar:4.3.30.RELEASE]
	at org.springframework.test.context.junit4.SpringJUnit4ClassRunner.createTest(SpringJUnit4ClassRunner.java:228) [spring-test-4.3.30.RELEASE.jar:4.3.30.RELEASE]
	at org.springframework.test.context.junit4.SpringJUnit4ClassRunner$1.runReflectiveCall(SpringJUnit4ClassRunner.java:287) [spring-test-4.3.30.RELEASE.jar:4.3.30.RELEASE]
	at org.junit.internal.runners.model.ReflectiveCallable.run(ReflectiveCallable.java:12) [junit-4.12.jar:4.12]
	at org.springframework.test.context.junit4.SpringJUnit4ClassRunner.methodBlock(SpringJUnit4ClassRunner.java:289) [spring-test-4.3.30.RELEASE.jar:4.3.30.RELEASE]
	at org.springframework.test.context.junit4.SpringJUnit4ClassRunner.runChild(SpringJUnit4ClassRunner.java:247) [spring-test-4.3.30.RELEASE.jar:4.3.30.RELEASE]
	at org.springframework.test.context.junit4.SpringJUnit4ClassRunner.runChild(SpringJUnit4ClassRunner.java:94) [spring-test-4.3.30.RELEASE.jar:4.3.30.RELEASE]
	at org.junit.runners.ParentRunner$3.run(ParentRunner.java:290) [junit-4.12.jar:4.12]
	at org.junit.runners.ParentRunner$1.schedule(ParentRunner.java:71) [junit-4.12.jar:4.12]
	at org.junit.runners.ParentRunner.runChildren(ParentRunner.java:288) [junit-4.12.jar:4.12]
	at org.junit.runners.ParentRunner.access$000(ParentRunner.java:58) [junit-4.12.jar:4.12]
	at org.junit.runners.ParentRunner$2.evaluate(ParentRunner.java:268) [junit-4.12.jar:4.12]
	at org.springframework.test.context.junit4.statements.RunBeforeTestClassCallbacks.evaluate(RunBeforeTestClassCallbacks.java:61) [spring-test-4.3.30.RELEASE.jar:4.3.30.RELEASE]
	at org.springframework.test.context.junit4.statements.RunAfterTestClassCallbacks.evaluate(RunAfterTestClassCallbacks.java:70) [spring-test-4.3.30.RELEASE.jar:4.3.30.RELEASE]
	at org.junit.runners.ParentRunner.run(ParentRunner.java:363) [junit-4.12.jar:4.12]
	at org.springframework.test.context.junit4.SpringJUnit4ClassRunner.run(SpringJUnit4ClassRunner.java:191) [spring-test-4.3.30.RELEASE.jar:4.3.30.RELEASE]
	at org.apache.maven.surefire.junit4.JUnit4Provider.execute(JUnit4Provider.java:365) [surefire-junit4-2.22.2.jar:2.22.2]
	at org.apache.maven.surefire.junit4.JUnit4Provider.executeWithRerun(JUnit4Provider.java:273) [surefire-junit4-2.22.2.jar:2.22.2]
	at org.apache.maven.surefire.junit4.JUnit4Provider.executeTestSet(JUnit4Provider.java:238) [surefire-junit4-2.22.2.jar:2.22.2]
	at org.apache.maven.surefire.junit4.JUnit4Provider.invoke(JUnit4Provider.java:159) [surefire-junit4-2.22.2.jar:2.22.2]
	at org.apache.maven.surefire.booter.ForkedBooter.invokeProviderInSameClassLoader(ForkedBooter.java:384) [surefire-booter-2.22.2.jar:2.22.2]
	at org.apache.maven.surefire.booter.ForkedBooter.runSuitesInProcess(ForkedBooter.java:345) [surefire-booter-2.22.2.jar:2.22.2]
	at org.apache.maven.surefire.booter.ForkedBooter.execute(ForkedBooter.java:126) [surefire-booter-2.22.2.jar:2.22.2]
	at org.apache.maven.surefire.booter.ForkedBooter.main(ForkedBooter.java:418) [surefire-booter-2.22.2.jar:2.22.2]
Caused by: org.springframework.beans.factory.BeanCreationException: Error creating bean with name 'org.springframework.scheduling.annotation.ProxyAsyncConfiguration': Initialization of bean failed; nested exception is org.springframework.beans.factory.BeanCreationException: Error creating bean with name 'getAsyncExecutor' defined in org.finra.herd.core.config.CoreSpringModuleConfig: Bean instantiation via factory method failed; nested exception is org.springframework.beans.BeanInstantiationException: Failed to instantiate [java.util.concurrent.Executor]: Factory method 'getAsyncExecutor' threw exception; nested exception is java.lang.IllegalStateException: configurationValue is required
	at org.springframework.beans.factory.support.AbstractAutowireCapableBeanFactory.doCreateBean(AbstractAutowireCapableBeanFactory.java:562) ~[spring-beans-4.3.30.RELEASE.jar:4.3.30.RELEASE]
	at org.springframework.beans.factory.support.AbstractAutowireCapableBeanFactory.createBean(AbstractAutowireCapableBeanFactory.java:481) ~[spring-beans-4.3.30.RELEASE.jar:4.3.30.RELEASE]
	at org.springframework.beans.factory.support.AbstractBeanFactory$1.getObject(AbstractBeanFactory.java:312) ~[spring-beans-4.3.30.RELEASE.jar:4.3.30.RELEASE]
	at org.springframework.beans.factory.support.DefaultSingletonBeanRegistry.getSingleton(DefaultSingletonBeanRegistry.java:230) ~[spring-beans-4.3.30.RELEASE.jar:4.3.30.RELEASE]
	at org.springframework.beans.factory.support.AbstractBeanFactory.doGetBean(AbstractBeanFactory.java:308) ~[spring-beans-4.3.30.RELEASE.jar:4.3.30.RELEASE]
	at org.springframework.beans.factory.support.AbstractBeanFactory.getBean(AbstractBeanFactory.java:197) ~[spring-beans-4.3.30.RELEASE.jar:4.3.30.RELEASE]
	at org.springframework.beans.factory.support.ConstructorResolver.instantiateUsingFactoryMethod(ConstructorResolver.java:372) ~[spring-beans-4.3.30.RELEASE.jar:4.3.30.RELEASE]
	at org.springframework.beans.factory.support.AbstractAutowireCapableBeanFactory.instantiateUsingFactoryMethod(AbstractAutowireCapableBeanFactory.java:1176) ~[spring-beans-4.3.30.RELEASE.jar:4.3.30.RELEASE]
	at org.springframework.beans.factory.support.AbstractAutowireCapableBeanFactory.createBeanInstance(AbstractAutowireCapableBeanFactory.java:1071) ~[spring-beans-4.3.30.RELEASE.jar:4.3.30.RELEASE]
	at org.springframework.beans.factory.support.AbstractAutowireCapableBeanFactory.doCreateBean(AbstractAutowireCapableBeanFactory.java:511) ~[spring-beans-4.3.30.RELEASE.jar:4.3.30.RELEASE]
	at org.springframework.beans.factory.support.AbstractAutowireCapableBeanFactory.createBean(AbstractAutowireCapableBeanFactory.java:481) ~[spring-beans-4.3.30.RELEASE.jar:4.3.30.RELEASE]
	at org.springframework.beans.factory.support.AbstractBeanFactory$1.getObject(AbstractBeanFactory.java:312) ~[spring-beans-4.3.30.RELEASE.jar:4.3.30.RELEASE]
	at org.springframework.beans.factory.support.DefaultSingletonBeanRegistry.getSingleton(DefaultSingletonBeanRegistry.java:230) ~[spring-beans-4.3.30.RELEASE.jar:4.3.30.RELEASE]
	at org.springframework.beans.factory.support.AbstractBeanFactory.doGetBean(AbstractBeanFactory.java:308) ~[spring-beans-4.3.30.RELEASE.jar:4.3.30.RELEASE]
	at org.springframework.beans.factory.support.AbstractBeanFactory.getBean(AbstractBeanFactory.java:202) ~[spring-beans-4.3.30.RELEASE.jar:4.3.30.RELEASE]
	at org.springframework.context.support.PostProcessorRegistrationDelegate.registerBeanPostProcessors(PostProcessorRegistrationDelegate.java:225) ~[spring-context-4.3.30.RELEASE.jar:4.3.30.RELEASE]
	at org.springframework.context.support.AbstractApplicationContext.registerBeanPostProcessors(AbstractApplicationContext.java:703) ~[spring-context-4.3.30.RELEASE.jar:4.3.30.RELEASE]
	at org.springframework.context.support.AbstractApplicationContext.refresh(AbstractApplicationContext.java:527) ~[spring-context-4.3.30.RELEASE.jar:4.3.30.RELEASE]
	at org.springframework.test.context.support.AbstractGenericContextLoader.loadContext(AbstractGenericContextLoader.java:127) ~[spring-test-4.3.30.RELEASE.jar:4.3.30.RELEASE]
	at org.springframework.test.context.support.AbstractGenericContextLoader.loadContext(AbstractGenericContextLoader.java:60) ~[spring-test-4.3.30.RELEASE.jar:4.3.30.RELEASE]
	at org.springframework.test.context.cache.DefaultCacheAwareContextLoaderDelegate.loadContextInternal(DefaultCacheAwareContextLoaderDelegate.java:98) ~[spring-test-4.3.30.RELEASE.jar:4.3.30.RELEASE]
	at org.springframework.test.context.cache.DefaultCacheAwareContextLoaderDelegate.loadContext(DefaultCacheAwareContextLoaderDelegate.java:116) ~[spring-test-4.3.30.RELEASE.jar:4.3.30.RELEASE]
	... 27 more
Caused by: org.springframework.beans.factory.BeanCreationException: Error creating bean with name 'getAsyncExecutor' defined in org.finra.herd.core.config.CoreSpringModuleConfig: Bean instantiation via factory method failed; nested exception is org.springframework.beans.BeanInstantiationException: Failed to instantiate [java.util.concurrent.Executor]: Factory method 'getAsyncExecutor' threw exception; nested exception is java.lang.IllegalStateException: configurationValue is required
	at org.springframework.beans.factory.support.ConstructorResolver.instantiateUsingFactoryMethod(ConstructorResolver.java:599) ~[spring-beans-4.3.30.RELEASE.jar:4.3.30.RELEASE]
	at org.springframework.beans.factory.support.AbstractAutowireCapableBeanFactory.instantiateUsingFactoryMethod(AbstractAutowireCapableBeanFactory.java:1176) ~[spring-beans-4.3.30.RELEASE.jar:4.3.30.RELEASE]
	at org.springframework.beans.factory.support.AbstractAutowireCapableBeanFactory.createBeanInstance(AbstractAutowireCapableBeanFactory.java:1071) ~[spring-beans-4.3.30.RELEASE.jar:4.3.30.RELEASE]
	at org.springframework.beans.factory.support.AbstractAutowireCapableBeanFactory.doCreateBean(AbstractAutowireCapableBeanFactory.java:511) ~[spring-beans-4.3.30.RELEASE.jar:4.3.30.RELEASE]
	at org.springframework.beans.factory.support.AbstractAutowireCapableBeanFactory.createBean(AbstractAutowireCapableBeanFactory.java:481) ~[spring-beans-4.3.30.RELEASE.jar:4.3.30.RELEASE]
	at org.springframework.beans.factory.support.AbstractBeanFactory$1.getObject(AbstractBeanFactory.java:312) ~[spring-beans-4.3.30.RELEASE.jar:4.3.30.RELEASE]
	at org.springframework.beans.factory.support.DefaultSingletonBeanRegistry.getSingleton(DefaultSingletonBeanRegistry.java:230) ~[spring-beans-4.3.30.RELEASE.jar:4.3.30.RELEASE]
	at org.springframework.beans.factory.support.AbstractBeanFactory.doGetBean(AbstractBeanFactory.java:308) ~[spring-beans-4.3.30.RELEASE.jar:4.3.30.RELEASE]
	at org.springframework.beans.factory.support.AbstractBeanFactory.getBean(AbstractBeanFactory.java:197) ~[spring-beans-4.3.30.RELEASE.jar:4.3.30.RELEASE]
	at org.springframework.context.annotation.ConfigurationClassEnhancer$BeanMethodInterceptor.obtainBeanInstanceFromFactory(ConfigurationClassEnhancer.java:389) ~[spring-context-4.3.30.RELEASE.jar:4.3.30.RELEASE]
	at org.springframework.context.annotation.ConfigurationClassEnhancer$BeanMethodInterceptor.intercept(ConfigurationClassEnhancer.java:361) ~[spring-context-4.3.30.RELEASE.jar:4.3.30.RELEASE]
	at org.finra.herd.core.config.CoreSpringModuleConfig$$EnhancerBySpringCGLIB$$2d31069b.getAsyncExecutor(<generated>) ~[classes/:?]
	at org.springframework.scheduling.annotation.AbstractAsyncConfiguration.setConfigurers(AbstractAsyncConfiguration.java:71) ~[spring-context-4.3.30.RELEASE.jar:4.3.30.RELEASE]
	at sun.reflect.NativeMethodAccessorImpl.invoke0(Native Method) ~[?:1.8.0_482]
	at sun.reflect.NativeMethodAccessorImpl.invoke(NativeMethodAccessorImpl.java:62) ~[?:1.8.0_482]
	at sun.reflect.DelegatingMethodAccessorImpl.invoke(DelegatingMethodAccessorImpl.java:43) ~[?:1.8.0_482]
	at java.lang.reflect.Method.invoke(Method.java:498) ~[?:1.8.0_482]
	at org.springframework.beans.factory.annotation.AutowiredAnnotationBeanPostProcessor$AutowiredMethodElement.inject(AutowiredAnnotationBeanPostProcessor.java:700) ~[spring-beans-4.3.30.RELEASE.jar:4.3.30.RELEASE]
	at org.springframework.beans.factory.annotation.InjectionMetadata.inject(InjectionMetadata.java:87) ~[spring-beans-4.3.30.RELEASE.jar:4.3.30.RELEASE]
	at org.springframework.beans.factory.annotation.AutowiredAnnotationBeanPostProcessor.postProcessPropertyValues(AutowiredAnnotationBeanPostProcessor.java:366) ~[spring-beans-4.3.30.RELEASE.jar:4.3.30.RELEASE]
	at org.springframework.beans.factory.support.AbstractAutowireCapableBeanFactory.populateBean(AbstractAutowireCapableBeanFactory.java:1257) ~[spring-beans-4.3.30.RELEASE.jar:4.3.30.RELEASE]
	at org.springframework.beans.factory.support.AbstractAutowireCapableBeanFactory.doCreateBean(AbstractAutowireCapableBeanFactory.java:551) ~[spring-beans-4.3.30.RELEASE.jar:4.3.30.RELEASE]
	at org.springframework.beans.factory.support.AbstractAutowireCapableBeanFactory.createBean(AbstractAutowireCapableBeanFactory.java:481) ~[spring-beans-4.3.30.RELEASE.jar:4.3.30.RELEASE]
	at org.springframework.beans.factory.support.AbstractBeanFactory$1.getObject(AbstractBeanFactory.java:312) ~[spring-beans-4.3.30.RELEASE.jar:4.3.30.RELEASE]
	at org.springframework.beans.factory.support.DefaultSingletonBeanRegistry.getSingleton(DefaultSingletonBeanRegistry.java:230) ~[spring-beans-4.3.30.RELEASE.jar:4.3.30.RELEASE]
	at org.springframework.beans.factory.support.AbstractBeanFactory.doGetBean(AbstractBeanFactory.java:308) ~[spring-beans-4.3.30.RELEASE.jar:4.3.30.RELEASE]
	at org.springframework.beans.factory.support.AbstractBeanFactory.getBean(AbstractBeanFactory.java:197) ~[spring-beans-4.3.30.RELEASE.jar:4.3.30.RELEASE]
	at org.springframework.beans.factory.support.ConstructorResolver.instantiateUsingFactoryMethod(ConstructorResolver.java:372) ~[spring-beans-4.3.30.RELEASE.jar:4.3.30.RELEASE]
	at org.springframework.beans.factory.support.AbstractAutowireCapableBeanFactory.instantiateUsingFactoryMethod(AbstractAutowireCapableBeanFactory.java:1176) ~[spring-beans-4.3.30.RELEASE.jar:4.3.30.RELEASE]
	at org.springframework.beans.factory.support.AbstractAutowireCapableBeanFactory.createBeanInstance(AbstractAutowireCapableBeanFactory.java:1071) ~[spring-beans-4.3.30.RELEASE.jar:4.3.30.RELEASE]
	at org.springframework.beans.factory.support.AbstractAutowireCapableBeanFactory.doCreateBean(AbstractAutowireCapableBeanFactory.java:511) ~[spring-beans-4.3.30.RELEASE.jar:4.3.30.RELEASE]
	at org.springframework.beans.factory.support.AbstractAutowireCapableBeanFactory.createBean(AbstractAutowireCapableBeanFactory.java:481) ~[spring-beans-4.3.30.RELEASE.jar:4.3.30.RELEASE]
	at org.springframework.beans.factory.support.AbstractBeanFactory$1.getObject(AbstractBeanFactory.java:312) ~[spring-beans-4.3.30.RELEASE.jar:4.3.30.RELEASE]
	at org.springframework.beans.factory.support.DefaultSingletonBeanRegistry.getSingleton(DefaultSingletonBeanRegistry.java:230) ~[spring-beans-4.3.30.RELEASE.jar:4.3.30.RELEASE]
	at org.springframework.beans.factory.support.AbstractBeanFactory.doGetBean(AbstractBeanFactory.java:308) ~[spring-beans-4.3.30.RELEASE.jar:4.3.30.RELEASE]
	at org.springframework.beans.factory.support.AbstractBeanFactory.getBean(AbstractBeanFactory.java:202) ~[spring-beans-4.3.30.RELEASE.jar:4.3.30.RELEASE]
	at org.springframework.context.support.PostProcessorRegistrationDelegate.registerBeanPostProcessors(PostProcessorRegistrationDelegate.java:225) ~[spring-context-4.3.30.RELEASE.jar:4.3.30.RELEASE]
	at org.springframework.context.support.AbstractApplicationContext.registerBeanPostProcessors(AbstractApplicationContext.java:703) ~[spring-context-4.3.30.RELEASE.jar:4.3.30.RELEASE]
	at org.springframework.context.support.AbstractApplicationContext.refresh(AbstractApplicationContext.java:527) ~[spring-context-4.3.30.RELEASE.jar:4.3.30.RELEASE]
	at org.springframework.test.context.support.AbstractGenericContextLoader.loadContext(AbstractGenericContextLoader.java:127) ~[spring-test-4.3.30.RELEASE.jar:4.3.30.RELEASE]
	at org.springframework.test.context.support.AbstractGenericContextLoader.loadContext(AbstractGenericContextLoader.java:60) ~[spring-test-4.3.30.RELEASE.jar:4.3.30.RELEASE]
	at org.springframework.test.context.cache.DefaultCacheAwareContextLoaderDelegate.loadContextInternal(DefaultCacheAwareContextLoaderDelegate.java:98) ~[spring-test-4.3.30.RELEASE.jar:4.3.30.RELEASE]
	at org.springframework.test.context.cache.DefaultCacheAwareContextLoaderDelegate.loadContext(DefaultCacheAwareContextLoaderDelegate.java:116) ~[spring-test-4.3.30.RELEASE.jar:4.3.30.RELEASE]
	... 27 more
Caused by: org.springframework.beans.BeanInstantiationException: Failed to instantiate [java.util.concurrent.Executor]: Factory method 'getAsyncExecutor' threw exception; nested exception is java.lang.IllegalStateException: configurationValue is required
	at org.springframework.beans.factory.support.SimpleInstantiationStrategy.instantiate(SimpleInstantiationStrategy.java:189) ~[spring-beans-4.3.30.RELEASE.jar:4.3.30.RELEASE]
	at org.springframework.beans.factory.support.ConstructorResolver.instantiateUsingFactoryMethod(ConstructorResolver.java:588) ~[spring-beans-4.3.30.RELEASE.jar:4.3.30.RELEASE]
	at org.springframework.beans.factory.support.AbstractAutowireCapableBeanFactory.instantiateUsingFactoryMethod(AbstractAutowireCapableBeanFactory.java:1176) ~[spring-beans-4.3.30.RELEASE.jar:4.3.30.RELEASE]
	at org.springframework.beans.factory.support.AbstractAutowireCapableBeanFactory.createBeanInstance(AbstractAutowireCapableBeanFactory.java:1071) ~[spring-beans-4.3.30.RELEASE.jar:4.3.30.RELEASE]
	at org.springframework.beans.factory.support.AbstractAutowireCapableBeanFactory.doCreateBean(AbstractAutowireCapableBeanFactory.java:511) ~[spring-beans-4.3.30.RELEASE.jar:4.3.30.RELEASE]
	at org.springframework.beans.factory.support.AbstractAutowireCapableBeanFactory.createBean(AbstractAutowireCapableBeanFactory.java:481) ~[spring-beans-4.3.30.RELEASE.jar:4.3.30.RELEASE]
	at org.springframework.beans.factory.support.AbstractBeanFactory$1.getObject(AbstractBeanFactory.java:312) ~[spring-beans-4.3.30.RELEASE.jar:4.3.30.RELEASE]
	at org.springframework.beans.factory.support.DefaultSingletonBeanRegistry.getSingleton(DefaultSingletonBeanRegistry.java:230) ~[spring-beans-4.3.30.RELEASE.jar:4.3.30.RELEASE]
	at org.springframework.beans.factory.support.AbstractBeanFactory.doGetBean(AbstractBeanFactory.java:308) ~[spring-beans-4.3.30.RELEASE.jar:4.3.30.RELEASE]
	at org.springframework.beans.factory.support.AbstractBeanFactory.getBean(AbstractBeanFactory.java:197) ~[spring-beans-4.3.30.RELEASE.jar:4.3.30.RELEASE]
	at org.springframework.context.annotation.ConfigurationClassEnhancer$BeanMethodInterceptor.obtainBeanInstanceFromFactory(ConfigurationClassEnhancer.java:389) ~[spring-context-4.3.30.RELEASE.jar:4.3.30.RELEASE]
	at org.springframework.context.annotation.ConfigurationClassEnhancer$BeanMethodInterceptor.intercept(ConfigurationClassEnhancer.java:361) ~[spring-context-4.3.30.RELEASE.jar:4.3.30.RELEASE]
	at org.finra.herd.core.config.CoreSpringModuleConfig$$EnhancerBySpringCGLIB$$2d31069b.getAsyncExecutor(<generated>) ~[classes/:?]
	at org.springframework.scheduling.annotation.AbstractAsyncConfiguration.setConfigurers(AbstractAsyncConfiguration.java:71) ~[spring-context-4.3.30.RELEASE.jar:4.3.30.RELEASE]
	at sun.reflect.NativeMethodAccessorImpl.invoke0(Native Method) ~[?:1.8.0_482]
	at sun.reflect.NativeMethodAccessorImpl.invoke(NativeMethodAccessorImpl.java:62) ~[?:1.8.0_482]
	at sun.reflect.DelegatingMethodAccessorImpl.invoke(DelegatingMethodAccessorImpl.java:43) ~[?:1.8.0_482]
	at java.lang.reflect.Method.invoke(Method.java:498) ~[?:1.8.0_482]
	at org.springframework.beans.factory.annotation.AutowiredAnnotationBeanPostProcessor$AutowiredMethodElement.inject(AutowiredAnnotationBeanPostProcessor.java:700) ~[spring-beans-4.3.30.RELEASE.jar:4.3.30.RELEASE]
	at org.springframework.beans.factory.annotation.InjectionMetadata.inject(InjectionMetadata.java:87) ~[spring-beans-4.3.30.RELEASE.jar:4.3.30.RELEASE]
	at org.springframework.beans.factory.annotation.AutowiredAnnotationBeanPostProcessor.postProcessPropertyValues(AutowiredAnnotationBeanPostProcessor.java:366) ~[spring-beans-4.3.30.RELEASE.jar:4.3.30.RELEASE]
	at org.springframework.beans.factory.support.AbstractAutowireCapableBeanFactory.populateBean(AbstractAutowireCapableBeanFactory.java:1257) ~[spring-beans-4.3.30.RELEASE.jar:4.3.30.RELEASE]
	at org.springframework.beans.factory.support.AbstractAutowireCapableBeanFactory.doCreateBean(AbstractAutowireCapableBeanFactory.java:551) ~[spring-beans-4.3.30.RELEASE.jar:4.3.30.RELEASE]
	at org.springframework.beans.factory.support.AbstractAutowireCapableBeanFactory.createBean(AbstractAutowireCapableBeanFactory.java:481) ~[spring-beans-4.3.30.RELEASE.jar:4.3.30.RELEASE]
	at org.springframework.beans.factory.support.AbstractBeanFactory$1.getObject(AbstractBeanFactory.java:312) ~[spring-beans-4.3.30.RELEASE.jar:4.3.30.RELEASE]
	at org.springframework.beans.factory.support.DefaultSingletonBeanRegistry.getSingleton(DefaultSingletonBeanRegistry.java:230) ~[spring-beans-4.3.30.RELEASE.jar:4.3.30.RELEASE]
	at org.springframework.beans.factory.support.AbstractBeanFactory.doGetBean(AbstractBeanFactory.java:308) ~[spring-beans-4.3.30.RELEASE.jar:4.3.30.RELEASE]
	at org.springframework.beans.factory.support.AbstractBeanFactory.getBean(AbstractBeanFactory.java:197) ~[spring-beans-4.3.30.RELEASE.jar:4.3.30.RELEASE]
	at org.springframework.beans.factory.support.ConstructorResolver.instantiateUsingFactoryMethod(ConstructorResolver.java:372) ~[spring-beans-4.3.30.RELEASE.jar:4.3.30.RELEASE]
	at org.springframework.beans.factory.support.AbstractAutowireCapableBeanFactory.instantiateUsingFactoryMethod(AbstractAutowireCapableBeanFactory.java:1176) ~[spring-beans-4.3.30.RELEASE.jar:4.3.30.RELEASE]
	at org.springframework.beans.factory.support.AbstractAutowireCapableBeanFactory.createBeanInstance(AbstractAutowireCapableBeanFactory.java:1071) ~[spring-beans-4.3.30.RELEASE.jar:4.3.30.RELEASE]
	at org.springframework.beans.factory.support.AbstractAutowireCapableBeanFactory.doCreateBean(AbstractAutowireCapableBeanFactory.java:511) ~[spring-beans-4.3.30.RELEASE.jar:4.3.30.RELEASE]
	at org.springframework.beans.factory.support.AbstractAutowireCapableBeanFactory.createBean(AbstractAutowireCapableBeanFactory.java:481) ~[spring-beans-4.3.30.RELEASE.jar:4.3.30.RELEASE]
	at org.springframework.beans.factory.support.AbstractBeanFactory$1.getObject(AbstractBeanFactory.java:312) ~[spring-beans-4.3.30.RELEASE.jar:4.3.30.RELEASE]
	at org.springframework.beans.factory.support.DefaultSingletonBeanRegistry.getSingleton(DefaultSingletonBeanRegistry.java:230) ~[spring-beans-4.3.30.RELEASE.jar:4.3.30.RELEASE]
	at org.springframework.beans.factory.support.AbstractBeanFactory.doGetBean(AbstractBeanFactory.java:308) ~[spring-beans-4.3.30.RELEASE.jar:4.3.30.RELEASE]
	at org.springframework.beans.factory.support.AbstractBeanFactory.getBean(AbstractBeanFactory.java:202) ~[spring-beans-4.3.30.RELEASE.jar:4.3.30.RELEASE]
	at org.springframework.context.support.PostProcessorRegistrationDelegate.registerBeanPostProcessors(PostProcessorRegistrationDelegate.java:225) ~[spring-context-4.3.30.RELEASE.jar:4.3.30.RELEASE]
	at org.springframework.context.support.AbstractApplicationContext.registerBeanPostProcessors(AbstractApplicationContext.java:703) ~[spring-context-4.3.30.RELEASE.jar:4.3.30.RELEASE]
	at org.springframework.context.support.AbstractApplicationContext.refresh(AbstractApplicationContext.java:527) ~[spring-context-4.3.30.RELEASE.jar:4.3.30.RELEASE]
	at org.springframework.test.context.support.AbstractGenericContextLoader.loadContext(AbstractGenericContextLoader.java:127) ~[spring-test-4.3.30.RELEASE.jar:4.3.30.RELEASE]
	at org.springframework.test.context.support.AbstractGenericContextLoader.loadContext(AbstractGenericContextLoader.java:60) ~[spring-test-4.3.30.RELEASE.jar:4.3.30.RELEASE]
	at org.springframework.test.context.cache.DefaultCacheAwareContextLoaderDelegate.loadContextInternal(DefaultCacheAwareContextLoaderDelegate.java:98) ~[spring-test-4.3.30.RELEASE.jar:4.3.30.RELEASE]
	at org.springframework.test.context.cache.DefaultCacheAwareContextLoaderDelegate.loadContext(DefaultCacheAwareContextLoaderDelegate.java:116) ~[spring-test-4.3.30.RELEASE.jar:4.3.30.RELEASE]
	... 27 more
Caused by: java.lang.IllegalStateException: configurationValue is required
	at org.finra.herd.core.helper.ConfigurationHelper.getProperty(ConfigurationHelper.java:74) ~[classes/:?]
	at org.finra.herd.core.helper.ConfigurationHelper.getProperty(ConfigurationHelper.java:249) ~[classes/:?]
	at org.finra.herd.core.config.CoreSpringModuleConfig.getAsyncExecutor(CoreSpringModuleConfig.java:128) ~[classes/:?]
	at org.finra.herd.core.config.CoreSpringModuleConfig$$EnhancerBySpringCGLIB$$2d31069b.CGLIB$getAsyncExecutor$2(<generated>) ~[classes/:?]
	at org.finra.herd.core.config.CoreSpringModuleConfig$$EnhancerBySpringCGLIB$$2d31069b$$FastClassBySpringCGLIB$$cd7d540.invoke(<generated>) ~[classes/:?]
	at org.springframework.cglib.proxy.MethodProxy.invokeSuper(MethodProxy.java:228) ~[spring-core-4.3.30.RELEASE.jar:4.3.30.RELEASE]
	at org.springframework.context.annotation.ConfigurationClassEnhancer$BeanMethodInterceptor.intercept(ConfigurationClassEnhancer.java:358) ~[spring-context-4.3.30.RELEASE.jar:4.3.30.RELEASE]
	at org.finra.herd.core.config.CoreSpringModuleConfig$$EnhancerBySpringCGLIB$$2d31069b.getAsyncExecutor(<generated>) ~[classes/:?]
	at org.finra.herd.core.config.CoreSpringModuleConfig.getAsyncExecutor(CoreSpringModuleConfig.java:47) ~[classes/:?]
	at org.finra.herd.core.config.CoreSpringModuleConfig$$EnhancerBySpringCGLIB$$2d31069b.CGLIB$getAsyncExecutor$1(<generated>) ~[classes/:?]
	at org.finra.herd.core.config.CoreSpringModuleConfig$$EnhancerBySpringCGLIB$$2d31069b$$FastClassBySpringCGLIB$$cd7d540.invoke(<generated>) ~[classes/:?]
	at org.springframework.cglib.proxy.MethodProxy.invokeSuper(MethodProxy.java:228) ~[spring-core-4.3.30.RELEASE.jar:4.3.30.RELEASE]
	at org.springframework.context.annotation.ConfigurationClassEnhancer$BeanMethodInterceptor.intercept(ConfigurationClassEnhancer.java:358) ~[spring-context-4.3.30.RELEASE.jar:4.3.30.RELEASE]
	at org.finra.herd.core.config.CoreSpringModuleConfig$$EnhancerBySpringCGLIB$$2d31069b.getAsyncExecutor(<generated>) ~[classes/:?]
	at sun.reflect.NativeMethodAccessorImpl.invoke0(Native Method) ~[?:1.8.0_482]
	at sun.reflect.NativeMethodAccessorImpl.invoke(NativeMethodAccessorImpl.java:62) ~[?:1.8.0_482]
	at sun.reflect.DelegatingMethodAccessorImpl.invoke(DelegatingMethodAccessorImpl.java:43) ~[?:1.8.0_482]
	at java.lang.reflect.Method.invoke(Method.java:498) ~[?:1.8.0_482]
	at org.springframework.beans.factory.support.SimpleInstantiationStrategy.instantiate(SimpleInstantiationStrategy.java:162) ~[spring-beans-4.3.30.RELEASE.jar:4.3.30.RELEASE]
	at org.springframework.beans.factory.support.ConstructorResolver.instantiateUsingFactoryMethod(ConstructorResolver.java:588) ~[spring-beans-4.3.30.RELEASE.jar:4.3.30.RELEASE]
	at org.springframework.beans.factory.support.AbstractAutowireCapableBeanFactory.instantiateUsingFactoryMethod(AbstractAutowireCapableBeanFactory.java:1176) ~[spring-beans-4.3.30.RELEASE.jar:4.3.30.RELEASE]
	at org.springframework.beans.factory.support.AbstractAutowireCapableBeanFactory.createBeanInstance(AbstractAutowireCapableBeanFactory.java:1071) ~[spring-beans-4.3.30.RELEASE.jar:4.3.30.RELEASE]
	at org.springframework.beans.factory.support.AbstractAutowireCapableBeanFactory.doCreateBean(AbstractAutowireCapableBeanFactory.java:511) ~[spring-beans-4.3.30.RELEASE.jar:4.3.30.RELEASE]
	at org.springframework.beans.factory.support.AbstractAutowireCapableBeanFactory.createBean(AbstractAutowireCapableBeanFactory.java:481) ~[spring-beans-4.3.30.RELEASE.jar:4.3.30.RELEASE]
	at org.springframework.beans.factory.support.AbstractBeanFactory$1.getObject(AbstractBeanFactory.java:312) ~[spring-beans-4.3.30.RELEASE.jar:4.3.30.RELEASE]
	at org.springframework.beans.factory.support.DefaultSingletonBeanRegistry.getSingleton(DefaultSingletonBeanRegistry.java:230) ~[spring-beans-4.3.30.RELEASE.jar:4.3.30.RELEASE]
	at org.springframework.beans.factory.support.AbstractBeanFactory.doGetBean(AbstractBeanFactory.java:308) ~[spring-beans-4.3.30.RELEASE.jar:4.3.30.RELEASE]
	at org.springframework.beans.factory.support.AbstractBeanFactory.getBean(AbstractBeanFactory.java:197) ~[spring-beans-4.3.30.RELEASE.jar:4.3.30.RELEASE]
	at org.springframework.context.annotation.ConfigurationClassEnhancer$BeanMethodInterceptor.obtainBeanInstanceFromFactory(ConfigurationClassEnhancer.java:389) ~[spring-context-4.3.30.RELEASE.jar:4.3.30.RELEASE]
	at org.springframework.context.annotation.ConfigurationClassEnhancer$BeanMethodInterceptor.intercept(ConfigurationClassEnhancer.java:361) ~[spring-context-4.3.30.RELEASE.jar:4.3.30.RELEASE]
	at org.finra.herd.core.config.CoreSpringModuleConfig$$EnhancerBySpringCGLIB$$2d31069b.getAsyncExecutor(<generated>) ~[classes/:?]
	at org.springframework.scheduling.annotation.AbstractAsyncConfiguration.setConfigurers(AbstractAsyncConfiguration.java:71) ~[spring-context-4.3.30.RELEASE.jar:4.3.30.RELEASE]
	at sun.reflect.NativeMethodAccessorImpl.invoke0(Native Method) ~[?:1.8.0_482]
	at sun.reflect.NativeMethodAccessorImpl.invoke(NativeMethodAccessorImpl.java:62) ~[?:1.8.0_482]
	at sun.reflect.DelegatingMethodAccessorImpl.invoke(DelegatingMethodAccessorImpl.java:43) ~[?:1.8.0_482]
	at java.lang.reflect.Method.invoke(Method.java:498) ~[?:1.8.0_482]
	at org.springframework.beans.factory.annotation.AutowiredAnnotationBeanPostProcessor$AutowiredMethodElement.inject(AutowiredAnnotationBeanPostProcessor.java:700) ~[spring-beans-4.3.30.RELEASE.jar:4.3.30.RELEASE]
	at org.springframework.beans.factory.annotation.InjectionMetadata.inject(InjectionMetadata.java:87) ~[spring-beans-4.3.30.RELEASE.jar:4.3.30.RELEASE]
	at org.springframework.beans.factory.annotation.AutowiredAnnotationBeanPostProcessor.postProcessPropertyValues(AutowiredAnnotationBeanPostProcessor.java:366) ~[spring-beans-4.3.30.RELEASE.jar:4.3.30.RELEASE]
	at org.springframework.beans.factory.support.AbstractAutowireCapableBeanFactory.populateBean(AbstractAutowireCapableBeanFactory.java:1257) ~[spring-beans-4.3.30.RELEASE.jar:4.3.30.RELEASE]
	at org.springframework.beans.factory.support.AbstractAutowireCapableBeanFactory.doCreateBean(AbstractAutowireCapableBeanFactory.java:551) ~[spring-beans-4.3.30.RELEASE.jar:4.3.30.RELEASE]
	at org.springframework.beans.factory.support.AbstractAutowireCapableBeanFactory.createBean(AbstractAutowireCapableBeanFactory.java:481) ~[spring-beans-4.3.30.RELEASE.jar:4.3.30.RELEASE]
	at org.springframework.beans.factory.support.AbstractBeanFactory$1.getObject(AbstractBeanFactory.java:312) ~[spring-beans-4.3.30.RELEASE.jar:4.3.30.RELEASE]
	at org.springframework.beans.factory.support.DefaultSingletonBeanRegistry.getSingleton(DefaultSingletonBeanRegistry.java:230) ~[spring-beans-4.3.30.RELEASE.jar:4.3.30.RELEASE]
	at org.springframework.beans.factory.support.AbstractBeanFactory.doGetBean(AbstractBeanFactory.java:308) ~[spring-beans-4.3.30.RELEASE.jar:4.3.30.RELEASE]
	at org.springframework.beans.factory.support.AbstractBeanFactory.getBean(AbstractBeanFactory.java:197) ~[spring-beans-4.3.30.RELEASE.jar:4.3.30.RELEASE]
	at org.springframework.beans.factory.support.ConstructorResolver.instantiateUsingFactoryMethod(ConstructorResolver.java:372) ~[spring-beans-4.3.30.RELEASE.jar:4.3.30.RELEASE]
	at org.springframework.beans.factory.support.AbstractAutowireCapableBeanFactory.instantiateUsingFactoryMethod(AbstractAutowireCapableBeanFactory.java:1176) ~[spring-beans-4.3.30.RELEASE.jar:4.3.30.RELEASE]
	at org.springframework.beans.factory.support.AbstractAutowireCapableBeanFactory.createBeanInstance(AbstractAutowireCapableBeanFactory.java:1071) ~[spring-beans-4.3.30.RELEASE.jar:4.3.30.RELEASE]
	at org.springframework.beans.factory.support.AbstractAutowireCapableBeanFactory.doCreateBean(AbstractAutowireCapableBeanFactory.java:511) ~[spring-beans-4.3.30.RELEASE.jar:4.3.30.RELEASE]
	at org.springframework.beans.factory.support.AbstractAutowireCapableBeanFactory.createBean(AbstractAutowireCapableBeanFactory.java:481) ~[spring-beans-4.3.30.RELEASE.jar:4.3.30.RELEASE]
	at org.springframework.beans.factory.support.AbstractBeanFactory$1.getObject(AbstractBeanFactory.java:312) ~[spring-beans-4.3.30.RELEASE.jar:4.3.30.RELEASE]
	at org.springframework.beans.factory.support.DefaultSingletonBeanRegistry.getSingleton(DefaultSingletonBeanRegistry.java:230) ~[spring-beans-4.3.30.RELEASE.jar:4.3.30.RELEASE]
	at org.springframework.beans.factory.support.AbstractBeanFactory.doGetBean(AbstractBeanFactory.java:308) ~[spring-beans-4.3.30.RELEASE.jar:4.3.30.RELEASE]
	at org.springframework.beans.factory.support.AbstractBeanFactory.getBean(AbstractBeanFactory.java:202) ~[spring-beans-4.3.30.RELEASE.jar:4.3.30.RELEASE]
	at org.springframework.context.support.PostProcessorRegistrationDelegate.registerBeanPostProcessors(PostProcessorRegistrationDelegate.java:225) ~[spring-context-4.3.30.RELEASE.jar:4.3.30.RELEASE]
	at org.springframework.context.support.AbstractApplicationContext.registerBeanPostProcessors(AbstractApplicationContext.java:703) ~[spring-context-4.3.30.RELEASE.jar:4.3.30.RELEASE]
	at org.springframework.context.support.AbstractApplicationContext.refresh(AbstractApplicationContext.java:527) ~[spring-context-4.3.30.RELEASE.jar:4.3.30.RELEASE]
	at org.springframework.test.context.support.AbstractGenericContextLoader.loadContext(AbstractGenericContextLoader.java:127) ~[spring-test-4.3.30.RELEASE.jar:4.3.30.RELEASE]
	at org.springframework.test.context.support.AbstractGenericContextLoader.loadContext(AbstractGenericContextLoader.java:60) ~[spring-test-4.3.30.RELEASE.jar:4.3.30.RELEASE]
	at org.springframework.test.context.cache.DefaultCacheAwareContextLoaderDelegate.loadContextInternal(DefaultCacheAwareContextLoaderDelegate.java:98) ~[spring-test-4.3.30.RELEASE.jar:4.3.30.RELEASE]
	at org.springframework.test.context.cache.DefaultCacheAwareContextLoaderDelegate.loadContext(DefaultCacheAwareContextLoaderDelegate.java:116) ~[spring-test-4.3.30.RELEASE.jar:4.3.30.RELEASE]
	... 27 more
[ERROR] Tests run: 1, Failures: 0, Errors: 1, Skipped: 0, Time elapsed: 3.016 s <<< FAILURE! - in org.finra.herd.core.helper.ConfigurationHelperTest
[ERROR] testGetPropertyReturnDefaultWhenValueConversionFails(org.finra.herd.core.helper.ConfigurationHelperTest)  Time elapsed: 0.004 s  <<< ERROR!
java.lang.IllegalStateException: Failed to load ApplicationContext
Caused by: org.springframework.beans.factory.BeanCreationException: Error creating bean with name 'org.springframework.scheduling.annotation.ProxyAsyncConfiguration': Initialization of bean failed; nested exception is org.springframework.beans.factory.BeanCreationException: Error creating bean with name 'getAsyncExecutor' defined in org.finra.herd.core.config.CoreSpringModuleConfig: Bean instantiation via factory method failed; nested exception is org.springframework.beans.BeanInstantiationException: Failed to instantiate [java.util.concurrent.Executor]: Factory method 'getAsyncExecutor' threw exception; nested exception is java.lang.IllegalStateException: configurationValue is required
Caused by: org.springframework.beans.factory.BeanCreationException: Error creating bean with name 'getAsyncExecutor' defined in org.finra.herd.core.config.CoreSpringModuleConfig: Bean instantiation via factory method failed; nested exception is org.springframework.beans.BeanInstantiationException: Failed to instantiate [java.util.concurrent.Executor]: Factory method 'getAsyncExecutor' threw exception; nested exception is java.lang.IllegalStateException: configurationValue is required
Caused by: org.springframework.beans.BeanInstantiationException: Failed to instantiate [java.util.concurrent.Executor]: Factory method 'getAsyncExecutor' threw exception; nested exception is java.lang.IllegalStateException: configurationValue is required
Caused by: java.lang.IllegalStateException: configurationValue is required

[INFO] 
[INFO] Results:
[INFO] 
[ERROR] Errors: 
[ERROR]   ConfigurationHelperTest.testGetPropertyReturnDefaultWhenValueConversionFails » IllegalState
[INFO] 
[ERROR] Tests run: 1, Failures: 0, Errors: 1, Skipped: 0
[INFO] 
[ERROR] There are test failures.

Please refer to C:\Users\osart\ATR_ProjectV2\compiledrepos\worker_dualA\42949039\herd-code\herd-core\target\surefire-reports for the individual test results.
Please refer to dump files (if any exist) [date].dump, [date]-jvmRun[N].dump and [date].dumpstream.
[INFO] 
[INFO] --- jacoco:0.8.7:report (jacoco-site) @ herd-core ---
[INFO] Loading execution data file C:\Users\osart\ATR_ProjectV2\compiledrepos\worker_dualA\42949039\herd-code\herd-core\target\jacoco.exec
[INFO] Analyzed bundle 'herd core' with 1 classes
[INFO] 
[INFO] --- jacoco:0.8.7:report (default-cli) @ herd-core ---
[INFO] Loading execution data file C:\Users\osart\ATR_ProjectV2\compiledrepos\worker_dualA\42949039\herd-code\herd-core\target\jacoco.exec
[INFO] Analyzed bundle 'herd core' with 1 classes
[INFO] ------------------------------------------------------------------------
[INFO] BUILD SUCCESS
[INFO] ------------------------------------------------------------------------
[INFO] Total time:  25.038 s
[INFO] Finished at: 2026-03-16T01:06:58-04:00
[INFO] ------------------------------------------------------------------------

===== MAVEN BASELINE-TEST END returncode=0 =====
[2026-03-16 01:06:59] Finished smoke baseline-test in 30.87s with returncode=0
[2026-03-16 01:06:59] Detected explicit Surefire failure markers despite successful Maven exit code.
[2026-03-16 01:06:59] Baseline failure log captured at C:\Users\osart\ATR_ProjectV2\output\worker_dualA\42949039\latest_failure_log.txt
[2026-03-16 01:06:59] [MutationLiveGate] Retry 1 activated a live mutation.
[2026-03-16 01:06:59] [IterativeHealing] Baseline failed for ConfigurationHelperTest; starting retry loop (max_retries=3).
[2026-03-16 01:06:59] [IterativeHealing] Retry 1/3 for ConfigurationHelperTest on focal ConfigurationHelper.
[2026-03-16 01:08:45] Smoke execution started. baseline_module_args=['-pl', 'herd-code/herd-core'] pit_module_args=['-pl', 'herd-code/herd-core'] test_classes=-Dtest=ConfigurationHelperTest#testGetPropertyReturnDefaultWhenValueConversionFails target_tests=['org.finra.herd.core.helper.ConfigurationHelperTest'] target_classes=['org.finra.herd.core.helper.ConfigurationHelper'] ast_test_method=testGetPropertyReturnDefaultWhenValueConversionFails ast_focal_method=getProperty excluded_mutation_methods=['getBigDecimalRequiredProperty', 'getBooleanProperty', 'getNonNegativeBigDecimalRequiredProperty', 'getPropertyAsString', 'getRequiredProperty', 'logErrorAndThrowIllegalStateException'] timeout=900s
[2026-03-16 01:08:45] Maven baseline command: mvn.cmd -o -B -pl herd-code/herd-core -Dtest=ConfigurationHelperTest#testGetPropertyReturnDefaultWhenValueConversionFails -Drat.skip=true -DfailIfNoTests=false -Dcheckstyle.skip=true jacoco:prepare-agent test jacoco:report
[2026-03-16 01:08:45] Maven PIT command: mvn.cmd -o -B -pl herd-code/herd-core -DtargetTests=org.finra.herd.core.helper.ConfigurationHelperTest -DtargetClasses=org.finra.herd.core.helper.ConfigurationHelper -DincludedTestMethods=testGetPropertyReturnDefaultWhenValueConversionFails -Dpitest.includedMethods=getProperty -DexcludedMethods=getBigDecimalRequiredProperty,getBooleanProperty,getNonNegativeBigDecimalRequiredProperty,getPropertyAsString,getRequiredProperty,logErrorAndThrowIllegalStateException -DfailWhenNoMutations=false -Dthreads=1 -DtimeoutConstant=120000 -DtimeoutFactor=4.0 -DparseSurefireArgLine=false -Dfeatures=-auto_threads -Drat.skip=true -DfailIfNoTests=false -Dcheckstyle.skip=true org.pitest:pitest-maven:mutationCoverage
[2026-03-16 01:08:45] Starting smoke baseline-test command=mvn.cmd -o -B -pl herd-code/herd-core -Dtest=ConfigurationHelperTest#testGetPropertyReturnDefaultWhenValueConversionFails -Drat.skip=true -DfailIfNoTests=false -Dcheckstyle.skip=true jacoco:prepare-agent test jacoco:report cwd=C:\Users\osart\ATR_ProjectV2\compiledrepos\worker_dualA\42949039

===== MAVEN BASELINE-TEST START =====
[INFO] Scanning for projects...
[INFO] 
[INFO] ----------------------< org.finra.herd:herd-core >----------------------
[INFO] Building herd core 0.176.0-SNAPSHOT
[INFO]   from pom.xml
[INFO] --------------------------------[ jar ]---------------------------------
[INFO] 
[INFO] --- jacoco:0.8.7:prepare-agent (default-cli) @ herd-core ---
[INFO] surefireArgLine set to -javaagent:C:\\Users\\osart\\.m2\\repository\\org\\jacoco\\org.jacoco.agent\\0.8.7\\org.jacoco.agent-0.8.7-runtime.jar=destfile=C:\\Users\\osart\\ATR_ProjectV2\\compiledrepos\\worker_dualA\\42949039\\herd-code\\herd-core\\target\\jacoco.exec,includes=org/finra/herd/core/helper/ConfigurationHelper*,output=file
[INFO] 
[INFO] --- jacoco:0.8.7:prepare-agent (jacoco-initialize) @ herd-core ---
[INFO] surefireArgLine set to -javaagent:C:\\Users\\osart\\.m2\\repository\\org\\jacoco\\org.jacoco.agent\\0.8.7\\org.jacoco.agent-0.8.7-runtime.jar=destfile=C:\\Users\\osart\\ATR_ProjectV2\\compiledrepos\\worker_dualA\\42949039\\herd-code\\herd-core\\target\\jacoco.exec,includes=org/finra/herd/core/helper/ConfigurationHelper*,output=file
[INFO] 
[INFO] --- build-helper:3.0.0:add-source (default) @ herd-core ---
[INFO] Source directory: C:\Users\osart\ATR_ProjectV2\compiledrepos\worker_dualA\42949039\herd-code\herd-core\target\generated-sources added.
[INFO] 
[INFO] --- resources:3.0.2:resources (default-resources) @ herd-core ---
[INFO] Using 'UTF-8' encoding to copy filtered resources.
[INFO] Copying 1 resource
[INFO] Copying 2 resources
[INFO] 
[INFO] --- flatten:1.1.0:flatten (flatten) @ herd-core ---
[INFO] Generating flattened POM of project org.finra.herd:herd-core:jar:0.176.0-SNAPSHOT...
[INFO] 
[INFO] --- compiler:3.7.0:compile (default-compile) @ herd-core ---
[INFO] Nothing to compile - all classes are up to date
[INFO] 
[INFO] --- resources:3.0.2:testResources (default-testResources) @ herd-core ---
[INFO] Using 'UTF-8' encoding to copy filtered resources.
[INFO] Copying 1 resource
[INFO] 
[INFO] --- compiler:3.7.0:testCompile (default-testCompile) @ herd-core ---
[INFO] Changes detected - recompiling the module!
[INFO] Compiling 18 source files to C:\Users\osart\ATR_ProjectV2\compiledrepos\worker_dualA\42949039\herd-code\herd-core\target\test-classes
[INFO] /C:/Users/osart/ATR_ProjectV2/compiledrepos/worker_dualA/42949039/herd-code/herd-core/src/test/java/org/finra/herd/core/AbstractCoreTest.java: C:\Users\osart\ATR_ProjectV2\compiledrepos\worker_dualA\42949039\herd-code\herd-core\src\test\java\org\finra\herd\core\AbstractCoreTest.java uses or overrides a deprecated API.
[INFO] /C:/Users/osart/ATR_ProjectV2/compiledrepos/worker_dualA/42949039/herd-code/herd-core/src/test/java/org/finra/herd/core/AbstractCoreTest.java: Recompile with -Xlint:deprecation for details.
[INFO] 
[INFO] --- surefire:2.22.2:test (default-test) @ herd-core ---
[INFO] 
[INFO] -------------------------------------------------------
[INFO]  T E S T S
[INFO] -------------------------------------------------------
[INFO] Running org.finra.herd.core.helper.ConfigurationHelperTest
Mar-16-2026 01:09:13.112 [main] WARN  org.springframework.context.support.GenericApplicationContext.refresh - Exception encountered during context initialization - cancelling refresh attempt: org.springframework.beans.factory.BeanCreationException: Error creating bean with name 'org.springframework.scheduling.annotation.ProxyAsyncConfiguration': Initialization of bean failed; nested exception is org.springframework.beans.factory.BeanCreationException: Error creating bean with name 'getAsyncExecutor' defined in org.finra.herd.core.config.CoreSpringModuleConfig: Bean instantiation via factory method failed; nested exception is org.springframework.beans.BeanInstantiationException: Failed to instantiate [java.util.concurrent.Executor]: Factory method 'getAsyncExecutor' threw exception; nested exception is java.lang.IllegalStateException: configurationValue is required
Mar-16-2026 01:09:13.120 [main] ERROR org.springframework.test.context.TestContextManager.prepareTestInstance - Caught exception while allowing TestExecutionListener [org.springframework.test.context.support.DependencyInjectionTestExecutionListener@79179359] to prepare test instance [org.finra.herd.core.helper.ConfigurationHelperTest@dbd8e44]
java.lang.IllegalStateException: Failed to load ApplicationContext
	at org.springframework.test.context.cache.DefaultCacheAwareContextLoaderDelegate.loadContext(DefaultCacheAwareContextLoaderDelegate.java:124) ~[spring-test-4.3.30.RELEASE.jar:4.3.30.RELEASE]
	at org.springframework.test.context.support.DefaultTestContext.getApplicationContext(DefaultTestContext.java:83) ~[spring-test-4.3.30.RELEASE.jar:4.3.30.RELEASE]
	at org.springframework.test.context.support.DependencyInjectionTestExecutionListener.injectDependencies(DependencyInjectionTestExecutionListener.java:117) ~[spring-test-4.3.30.RELEASE.jar:4.3.30.RELEASE]
	at org.springframework.test.context.support.DependencyInjectionTestExecutionListener.prepareTestInstance(DependencyInjectionTestExecutionListener.java:83) ~[spring-test-4.3.30.RELEASE.jar:4.3.30.RELEASE]
	at org.springframework.test.context.TestContextManager.prepareTestInstance(TestContextManager.java:230) [spring-test-4.3.30.RELEASE.jar:4.3.30.RELEASE]
	at org.springframework.test.context.junit4.SpringJUnit4ClassRunner.createTest(SpringJUnit4ClassRunner.java:228) [spring-test-4.3.30.RELEASE.jar:4.3.30.RELEASE]
	at org.springframework.test.context.junit4.SpringJUnit4ClassRunner$1.runReflectiveCall(SpringJUnit4ClassRunner.java:287) [spring-test-4.3.30.RELEASE.jar:4.3.30.RELEASE]
	at org.junit.internal.runners.model.ReflectiveCallable.run(ReflectiveCallable.java:12) [junit-4.12.jar:4.12]
	at org.springframework.test.context.junit4.SpringJUnit4ClassRunner.methodBlock(SpringJUnit4ClassRunner.java:289) [spring-test-4.3.30.RELEASE.jar:4.3.30.RELEASE]
	at org.springframework.test.context.junit4.SpringJUnit4ClassRunner.runChild(SpringJUnit4ClassRunner.java:247) [spring-test-4.3.30.RELEASE.jar:4.3.30.RELEASE]
	at org.springframework.test.context.junit4.SpringJUnit4ClassRunner.runChild(SpringJUnit4ClassRunner.java:94) [spring-test-4.3.30.RELEASE.jar:4.3.30.RELEASE]
	at org.junit.runners.ParentRunner$3.run(ParentRunner.java:290) [junit-4.12.jar:4.12]
	at org.junit.runners.ParentRunner$1.schedule(ParentRunner.java:71) [junit-4.12.jar:4.12]
	at org.junit.runners.ParentRunner.runChildren(ParentRunner.java:288) [junit-4.12.jar:4.12]
	at org.junit.runners.ParentRunner.access$000(ParentRunner.java:58) [junit-4.12.jar:4.12]
	at org.junit.runners.ParentRunner$2.evaluate(ParentRunner.java:268) [junit-4.12.jar:4.12]
	at org.springframework.test.context.junit4.statements.RunBeforeTestClassCallbacks.evaluate(RunBeforeTestClassCallbacks.java:61) [spring-test-4.3.30.RELEASE.jar:4.3.30.RELEASE]
	at org.springframework.test.context.junit4.statements.RunAfterTestClassCallbacks.evaluate(RunAfterTestClassCallbacks.java:70) [spring-test-4.3.30.RELEASE.jar:4.3.30.RELEASE]
	at org.junit.runners.ParentRunner.run(ParentRunner.java:363) [junit-4.12.jar:4.12]
	at org.springframework.test.context.junit4.SpringJUnit4ClassRunner.run(SpringJUnit4ClassRunner.java:191) [spring-test-4.3.30.RELEASE.jar:4.3.30.RELEASE]
	at org.apache.maven.surefire.junit4.JUnit4Provider.execute(JUnit4Provider.java:365) [surefire-junit4-2.22.2.jar:2.22.2]
	at org.apache.maven.surefire.junit4.JUnit4Provider.executeWithRerun(JUnit4Provider.java:273) [surefire-junit4-2.22.2.jar:2.22.2]
	at org.apache.maven.surefire.junit4.JUnit4Provider.executeTestSet(JUnit4Provider.java:238) [surefire-junit4-2.22.2.jar:2.22.2]
	at org.apache.maven.surefire.junit4.JUnit4Provider.invoke(JUnit4Provider.java:159) [surefire-junit4-2.22.2.jar:2.22.2]
	at org.apache.maven.surefire.booter.ForkedBooter.invokeProviderInSameClassLoader(ForkedBooter.java:384) [surefire-booter-2.22.2.jar:2.22.2]
	at org.apache.maven.surefire.booter.ForkedBooter.runSuitesInProcess(ForkedBooter.java:345) [surefire-booter-2.22.2.jar:2.22.2]
	at org.apache.maven.surefire.booter.ForkedBooter.execute(ForkedBooter.java:126) [surefire-booter-2.22.2.jar:2.22.2]
	at org.apache.maven.surefire.booter.ForkedBooter.main(ForkedBooter.java:418) [surefire-booter-2.22.2.jar:2.22.2]
Caused by: org.springframework.beans.factory.BeanCreationException: Error creating bean with name 'org.springframework.scheduling.annotation.ProxyAsyncConfiguration': Initialization of bean failed; nested exception is org.springframework.beans.factory.BeanCreationException: Error creating bean with name 'getAsyncExecutor' defined in org.finra.herd.core.config.CoreSpringModuleConfig: Bean instantiation via factory method failed; nested exception is org.springframework.beans.BeanInstantiationException: Failed to instantiate [java.util.concurrent.Executor]: Factory method 'getAsyncExecutor' threw exception; nested exception is java.lang.IllegalStateException: configurationValue is required
	at org.springframework.beans.factory.support.AbstractAutowireCapableBeanFactory.doCreateBean(AbstractAutowireCapableBeanFactory.java:562) ~[spring-beans-4.3.30.RELEASE.jar:4.3.30.RELEASE]
	at org.springframework.beans.factory.support.AbstractAutowireCapableBeanFactory.createBean(AbstractAutowireCapableBeanFactory.java:481) ~[spring-beans-4.3.30.RELEASE.jar:4.3.30.RELEASE]
	at org.springframework.beans.factory.support.AbstractBeanFactory$1.getObject(AbstractBeanFactory.java:312) ~[spring-beans-4.3.30.RELEASE.jar:4.3.30.RELEASE]
	at org.springframework.beans.factory.support.DefaultSingletonBeanRegistry.getSingleton(DefaultSingletonBeanRegistry.java:230) ~[spring-beans-4.3.30.RELEASE.jar:4.3.30.RELEASE]
	at org.springframework.beans.factory.support.AbstractBeanFactory.doGetBean(AbstractBeanFactory.java:308) ~[spring-beans-4.3.30.RELEASE.jar:4.3.30.RELEASE]
	at org.springframework.beans.factory.support.AbstractBeanFactory.getBean(AbstractBeanFactory.java:197) ~[spring-beans-4.3.30.RELEASE.jar:4.3.30.RELEASE]
	at org.springframework.beans.factory.support.ConstructorResolver.instantiateUsingFactoryMethod(ConstructorResolver.java:372) ~[spring-beans-4.3.30.RELEASE.jar:4.3.30.RELEASE]
	at org.springframework.beans.factory.support.AbstractAutowireCapableBeanFactory.instantiateUsingFactoryMethod(AbstractAutowireCapableBeanFactory.java:1176) ~[spring-beans-4.3.30.RELEASE.jar:4.3.30.RELEASE]
	at org.springframework.beans.factory.support.AbstractAutowireCapableBeanFactory.createBeanInstance(AbstractAutowireCapableBeanFactory.java:1071) ~[spring-beans-4.3.30.RELEASE.jar:4.3.30.RELEASE]
	at org.springframework.beans.factory.support.AbstractAutowireCapableBeanFactory.doCreateBean(AbstractAutowireCapableBeanFactory.java:511) ~[spring-beans-4.3.30.RELEASE.jar:4.3.30.RELEASE]
	at org.springframework.beans.factory.support.AbstractAutowireCapableBeanFactory.createBean(AbstractAutowireCapableBeanFactory.java:481) ~[spring-beans-4.3.30.RELEASE.jar:4.3.30.RELEASE]
	at org.springframework.beans.factory.support.AbstractBeanFactory$1.getObject(AbstractBeanFactory.java:312) ~[spring-beans-4.3.30.RELEASE.jar:4.3.30.RELEASE]
	at org.springframework.beans.factory.support.DefaultSingletonBeanRegistry.getSingleton(DefaultSingletonBeanRegistry.java:230) ~[spring-beans-4.3.30.RELEASE.jar:4.3.30.RELEASE]
	at org.springframework.beans.factory.support.AbstractBeanFactory.doGetBean(AbstractBeanFactory.java:308) ~[spring-beans-4.3.30.RELEASE.jar:4.3.30.RELEASE]
	at org.springframework.beans.factory.support.AbstractBeanFactory.getBean(AbstractBeanFactory.java:202) ~[spring-beans-4.3.30.RELEASE.jar:4.3.30.RELEASE]
	at org.springframework.context.support.PostProcessorRegistrationDelegate.registerBeanPostProcessors(PostProcessorRegistrationDelegate.java:225) ~[spring-context-4.3.30.RELEASE.jar:4.3.30.RELEASE]
	at org.springframework.context.support.AbstractApplicationContext.registerBeanPostProcessors(AbstractApplicationContext.java:703) ~[spring-context-4.3.30.RELEASE.jar:4.3.30.RELEASE]
	at org.springframework.context.support.AbstractApplicationContext.refresh(AbstractApplicationContext.java:527) ~[spring-context-4.3.30.RELEASE.jar:4.3.30.RELEASE]
	at org.springframework.test.context.support.AbstractGenericContextLoader.loadContext(AbstractGenericContextLoader.java:127) ~[spring-test-4.3.30.RELEASE.jar:4.3.30.RELEASE]
	at org.springframework.test.context.support.AbstractGenericContextLoader.loadContext(AbstractGenericContextLoader.java:60) ~[spring-test-4.3.30.RELEASE.jar:4.3.30.RELEASE]
	at org.springframework.test.context.cache.DefaultCacheAwareContextLoaderDelegate.loadContextInternal(DefaultCacheAwareContextLoaderDelegate.java:98) ~[spring-test-4.3.30.RELEASE.jar:4.3.30.RELEASE]
	at org.springframework.test.context.cache.DefaultCacheAwareContextLoaderDelegate.loadContext(DefaultCacheAwareContextLoaderDelegate.java:116) ~[spring-test-4.3.30.RELEASE.jar:4.3.30.RELEASE]
	... 27 more
Caused by: org.springframework.beans.factory.BeanCreationException: Error creating bean with name 'getAsyncExecutor' defined in org.finra.herd.core.config.CoreSpringModuleConfig: Bean instantiation via factory method failed; nested exception is org.springframework.beans.BeanInstantiationException: Failed to instantiate [java.util.concurrent.Executor]: Factory method 'getAsyncExecutor' threw exception; nested exception is java.lang.IllegalStateException: configurationValue is required
	at org.springframework.beans.factory.support.ConstructorResolver.instantiateUsingFactoryMethod(ConstructorResolver.java:599) ~[spring-beans-4.3.30.RELEASE.jar:4.3.30.RELEASE]
	at org.springframework.beans.factory.support.AbstractAutowireCapableBeanFactory.instantiateUsingFactoryMethod(AbstractAutowireCapableBeanFactory.java:1176) ~[spring-beans-4.3.30.RELEASE.jar:4.3.30.RELEASE]
	at org.springframework.beans.factory.support.AbstractAutowireCapableBeanFactory.createBeanInstance(AbstractAutowireCapableBeanFactory.java:1071) ~[spring-beans-4.3.30.RELEASE.jar:4.3.30.RELEASE]
	at org.springframework.beans.factory.support.AbstractAutowireCapableBeanFactory.doCreateBean(AbstractAutowireCapableBeanFactory.java:511) ~[spring-beans-4.3.30.RELEASE.jar:4.3.30.RELEASE]
	at org.springframework.beans.factory.support.AbstractAutowireCapableBeanFactory.createBean(AbstractAutowireCapableBeanFactory.java:481) ~[spring-beans-4.3.30.RELEASE.jar:4.3.30.RELEASE]
	at org.springframework.beans.factory.support.AbstractBeanFactory$1.getObject(AbstractBeanFactory.java:312) ~[spring-beans-4.3.30.RELEASE.jar:4.3.30.RELEASE]
	at org.springframework.beans.factory.support.DefaultSingletonBeanRegistry.getSingleton(DefaultSingletonBeanRegistry.java:230) ~[spring-beans-4.3.30.RELEASE.jar:4.3.30.RELEASE]
	at org.springframework.beans.factory.support.AbstractBeanFactory.doGetBean(AbstractBeanFactory.java:308) ~[spring-beans-4.3.30.RELEASE.jar:4.3.30.RELEASE]
	at org.springframework.beans.factory.support.AbstractBeanFactory.getBean(AbstractBeanFactory.java:197) ~[spring-beans-4.3.30.RELEASE.jar:4.3.30.RELEASE]
	at org.springframework.context.annotation.ConfigurationClassEnhancer$BeanMethodInterceptor.obtainBeanInstanceFromFactory(ConfigurationClassEnhancer.java:389) ~[spring-context-4.3.30.RELEASE.jar:4.3.30.RELEASE]
	at org.springframework.context.annotation.ConfigurationClassEnhancer$BeanMethodInterceptor.intercept(ConfigurationClassEnhancer.java:361) ~[spring-context-4.3.30.RELEASE.jar:4.3.30.RELEASE]
	at org.finra.herd.core.config.CoreSpringModuleConfig$$EnhancerBySpringCGLIB$$ed466ae2.getAsyncExecutor(<generated>) ~[classes/:?]
	at org.springframework.scheduling.annotation.AbstractAsyncConfiguration.setConfigurers(AbstractAsyncConfiguration.java:71) ~[spring-context-4.3.30.RELEASE.jar:4.3.30.RELEASE]
	at sun.reflect.NativeMethodAccessorImpl.invoke0(Native Method) ~[?:1.8.0_482]
	at sun.reflect.NativeMethodAccessorImpl.invoke(NativeMethodAccessorImpl.java:62) ~[?:1.8.0_482]
	at sun.reflect.DelegatingMethodAccessorImpl.invoke(DelegatingMethodAccessorImpl.java:43) ~[?:1.8.0_482]
	at java.lang.reflect.Method.invoke(Method.java:498) ~[?:1.8.0_482]
	at org.springframework.beans.factory.annotation.AutowiredAnnotationBeanPostProcessor$AutowiredMethodElement.inject(AutowiredAnnotationBeanPostProcessor.java:700) ~[spring-beans-4.3.30.RELEASE.jar:4.3.30.RELEASE]
	at org.springframework.beans.factory.annotation.InjectionMetadata.inject(InjectionMetadata.java:87) ~[spring-beans-4.3.30.RELEASE.jar:4.3.30.RELEASE]
	at org.springframework.beans.factory.annotation.AutowiredAnnotationBeanPostProcessor.postProcessPropertyValues(AutowiredAnnotationBeanPostProcessor.java:366) ~[spring-beans-4.3.30.RELEASE.jar:4.3.30.RELEASE]
	at org.springframework.beans.factory.support.AbstractAutowireCapableBeanFactory.populateBean(AbstractAutowireCapableBeanFactory.java:1257) ~[spring-beans-4.3.30.RELEASE.jar:4.3.30.RELEASE]
	at org.springframework.beans.factory.support.AbstractAutowireCapableBeanFactory.doCreateBean(AbstractAutowireCapableBeanFactory.java:551) ~[spring-beans-4.3.30.RELEASE.jar:4.3.30.RELEASE]
	at org.springframework.beans.factory.support.AbstractAutowireCapableBeanFactory.createBean(AbstractAutowireCapableBeanFactory.java:481) ~[spring-beans-4.3.30.RELEASE.jar:4.3.30.RELEASE]
	at org.springframework.beans.factory.support.AbstractBeanFactory$1.getObject(AbstractBeanFactory.java:312) ~[spring-beans-4.3.30.RELEASE.jar:4.3.30.RELEASE]
	at org.springframework.beans.factory.support.DefaultSingletonBeanRegistry.getSingleton(DefaultSingletonBeanRegistry.java:230) ~[spring-beans-4.3.30.RELEASE.jar:4.3.30.RELEASE]
	at org.springframework.beans.factory.support.AbstractBeanFactory.doGetBean(AbstractBeanFactory.java:308) ~[spring-beans-4.3.30.RELEASE.jar:4.3.30.RELEASE]
	at org.springframework.beans.factory.support.AbstractBeanFactory.getBean(AbstractBeanFactory.java:197) ~[spring-beans-4.3.30.RELEASE.jar:4.3.30.RELEASE]
	at org.springframework.beans.factory.support.ConstructorResolver.instantiateUsingFactoryMethod(ConstructorResolver.java:372) ~[spring-beans-4.3.30.RELEASE.jar:4.3.30.RELEASE]
	at org.springframework.beans.factory.support.AbstractAutowireCapableBeanFactory.instantiateUsingFactoryMethod(AbstractAutowireCapableBeanFactory.java:1176) ~[spring-beans-4.3.30.RELEASE.jar:4.3.30.RELEASE]
	at org.springframework.beans.factory.support.AbstractAutowireCapableBeanFactory.createBeanInstance(AbstractAutowireCapableBeanFactory.java:1071) ~[spring-beans-4.3.30.RELEASE.jar:4.3.30.RELEASE]
	at org.springframework.beans.factory.support.AbstractAutowireCapableBeanFactory.doCreateBean(AbstractAutowireCapableBeanFactory.java:511) ~[spring-beans-4.3.30.RELEASE.jar:4.3.30.RELEASE]
	at org.springframework.beans.factory.support.AbstractAutowireCapableBeanFactory.createBean(AbstractAutowireCapableBeanFactory.java:481) ~[spring-beans-4.3.30.RELEASE.jar:4.3.30.RELEASE]
	at org.springframework.beans.factory.support.AbstractBeanFactory$1.getObject(AbstractBeanFactory.java:312) ~[spring-beans-4.3.30.RELEASE.jar:4.3.30.RELEASE]
	at org.springframework.beans.factory.support.DefaultSingletonBeanRegistry.getSingleton(DefaultSingletonBeanRegistry.java:230) ~[spring-beans-4.3.30.RELEASE.jar:4.3.30.RELEASE]
	at org.springframework.beans.factory.support.AbstractBeanFactory.doGetBean(AbstractBeanFactory.java:308) ~[spring-beans-4.3.30.RELEASE.jar:4.3.30.RELEASE]
	at org.springframework.beans.factory.support.AbstractBeanFactory.getBean(AbstractBeanFactory.java:202) ~[spring-beans-4.3.30.RELEASE.jar:4.3.30.RELEASE]
	at org.springframework.context.support.PostProcessorRegistrationDelegate.registerBeanPostProcessors(PostProcessorRegistrationDelegate.java:225) ~[spring-context-4.3.30.RELEASE.jar:4.3.30.RELEASE]
	at org.springframework.context.support.AbstractApplicationContext.registerBeanPostProcessors(AbstractApplicationContext.java:703) ~[spring-context-4.3.30.RELEASE.jar:4.3.30.RELEASE]
	at org.springframework.context.support.AbstractApplicationContext.refresh(AbstractApplicationContext.java:527) ~[spring-context-4.3.30.RELEASE.jar:4.3.30.RELEASE]
	at org.springframework.test.context.support.AbstractGenericContextLoader.loadContext(AbstractGenericContextLoader.java:127) ~[spring-test-4.3.30.RELEASE.jar:4.3.30.RELEASE]
	at org.springframework.test.context.support.AbstractGenericContextLoader.loadContext(AbstractGenericContextLoader.java:60) ~[spring-test-4.3.30.RELEASE.jar:4.3.30.RELEASE]
	at org.springframework.test.context.cache.DefaultCacheAwareContextLoaderDelegate.loadContextInternal(DefaultCacheAwareContextLoaderDelegate.java:98) ~[spring-test-4.3.30.RELEASE.jar:4.3.30.RELEASE]
	at org.springframework.test.context.cache.DefaultCacheAwareContextLoaderDelegate.loadContext(DefaultCacheAwareContextLoaderDelegate.java:116) ~[spring-test-4.3.30.RELEASE.jar:4.3.30.RELEASE]
	... 27 more
Caused by: org.springframework.beans.BeanInstantiationException: Failed to instantiate [java.util.concurrent.Executor]: Factory method 'getAsyncExecutor' threw exception; nested exception is java.lang.IllegalStateException: configurationValue is required
	at org.springframework.beans.factory.support.SimpleInstantiationStrategy.instantiate(SimpleInstantiationStrategy.java:189) ~[spring-beans-4.3.30.RELEASE.jar:4.3.30.RELEASE]
	at org.springframework.beans.factory.support.ConstructorResolver.instantiateUsingFactoryMethod(ConstructorResolver.java:588) ~[spring-beans-4.3.30.RELEASE.jar:4.3.30.RELEASE]
	at org.springframework.beans.factory.support.AbstractAutowireCapableBeanFactory.instantiateUsingFactoryMethod(AbstractAutowireCapableBeanFactory.java:1176) ~[spring-beans-4.3.30.RELEASE.jar:4.3.30.RELEASE]
	at org.springframework.beans.factory.support.AbstractAutowireCapableBeanFactory.createBeanInstance(AbstractAutowireCapableBeanFactory.java:1071) ~[spring-beans-4.3.30.RELEASE.jar:4.3.30.RELEASE]
	at org.springframework.beans.factory.support.AbstractAutowireCapableBeanFactory.doCreateBean(AbstractAutowireCapableBeanFactory.java:511) ~[spring-beans-4.3.30.RELEASE.jar:4.3.30.RELEASE]
	at org.springframework.beans.factory.support.AbstractAutowireCapableBeanFactory.createBean(AbstractAutowireCapableBeanFactory.java:481) ~[spring-beans-4.3.30.RELEASE.jar:4.3.30.RELEASE]
	at org.springframework.beans.factory.support.AbstractBeanFactory$1.getObject(AbstractBeanFactory.java:312) ~[spring-beans-4.3.30.RELEASE.jar:4.3.30.RELEASE]
	at org.springframework.beans.factory.support.DefaultSingletonBeanRegistry.getSingleton(DefaultSingletonBeanRegistry.java:230) ~[spring-beans-4.3.30.RELEASE.jar:4.3.30.RELEASE]
	at org.springframework.beans.factory.support.AbstractBeanFactory.doGetBean(AbstractBeanFactory.java:308) ~[spring-beans-4.3.30.RELEASE.jar:4.3.30.RELEASE]
	at org.springframework.beans.factory.support.AbstractBeanFactory.getBean(AbstractBeanFactory.java:197) ~[spring-beans-4.3.30.RELEASE.jar:4.3.30.RELEASE]
	at org.springframework.context.annotation.ConfigurationClassEnhancer$BeanMethodInterceptor.obtainBeanInstanceFromFactory(ConfigurationClassEnhancer.java:389) ~[spring-context-4.3.30.RELEASE.jar:4.3.30.RELEASE]
	at org.springframework.context.annotation.ConfigurationClassEnhancer$BeanMethodInterceptor.intercept(ConfigurationClassEnhancer.java:361) ~[spring-context-4.3.30.RELEASE.jar:4.3.30.RELEASE]
	at org.finra.herd.core.config.CoreSpringModuleConfig$$EnhancerBySpringCGLIB$$ed466ae2.getAsyncExecutor(<generated>) ~[classes/:?]
	at org.springframework.scheduling.annotation.AbstractAsyncConfiguration.setConfigurers(AbstractAsyncConfiguration.java:71) ~[spring-context-4.3.30.RELEASE.jar:4.3.30.RELEASE]
	at sun.reflect.NativeMethodAccessorImpl.invoke0(Native Method) ~[?:1.8.0_482]
	at sun.reflect.NativeMethodAccessorImpl.invoke(NativeMethodAccessorImpl.java:62) ~[?:1.8.0_482]
	at sun.reflect.DelegatingMethodAccessorImpl.invoke(DelegatingMethodAccessorImpl.java:43) ~[?:1.8.0_482]
	at java.lang.reflect.Method.invoke(Method.java:498) ~[?:1.8.0_482]
	at org.springframework.beans.factory.annotation.AutowiredAnnotationBeanPostProcessor$AutowiredMethodElement.inject(AutowiredAnnotationBeanPostProcessor.java:700) ~[spring-beans-4.3.30.RELEASE.jar:4.3.30.RELEASE]
	at org.springframework.beans.factory.annotation.InjectionMetadata.inject(InjectionMetadata.java:87) ~[spring-beans-4.3.30.RELEASE.jar:4.3.30.RELEASE]
	at org.springframework.beans.factory.annotation.AutowiredAnnotationBeanPostProcessor.postProcessPropertyValues(AutowiredAnnotationBeanPostProcessor.java:366) ~[spring-beans-4.3.30.RELEASE.jar:4.3.30.RELEASE]
	at org.springframework.beans.factory.support.AbstractAutowireCapableBeanFactory.populateBean(AbstractAutowireCapableBeanFactory.java:1257) ~[spring-beans-4.3.30.RELEASE.jar:4.3.30.RELEASE]
	at org.springframework.beans.factory.support.AbstractAutowireCapableBeanFactory.doCreateBean(AbstractAutowireCapableBeanFactory.java:551) ~[spring-beans-4.3.30.RELEASE.jar:4.3.30.RELEASE]
	at org.springframework.beans.factory.support.AbstractAutowireCapableBeanFactory.createBean(AbstractAutowireCapableBeanFactory.java:481) ~[spring-beans-4.3.30.RELEASE.jar:4.3.30.RELEASE]
	at org.springframework.beans.factory.support.AbstractBeanFactory$1.getObject(AbstractBeanFactory.java:312) ~[spring-beans-4.3.30.RELEASE.jar:4.3.30.RELEASE]
	at org.springframework.beans.factory.support.DefaultSingletonBeanRegistry.getSingleton(DefaultSingletonBeanRegistry.java:230) ~[spring-beans-4.3.30.RELEASE.jar:4.3.30.RELEASE]
	at org.springframework.beans.factory.support.AbstractBeanFactory.doGetBean(AbstractBeanFactory.java:308) ~[spring-beans-4.3.30.RELEASE.jar:4.3.30.RELEASE]
	at org.springframework.beans.factory.support.AbstractBeanFactory.getBean(AbstractBeanFactory.java:197) ~[spring-beans-4.3.30.RELEASE.jar:4.3.30.RELEASE]
	at org.springframework.beans.factory.support.ConstructorResolver.instantiateUsingFactoryMethod(ConstructorResolver.java:372) ~[spring-beans-4.3.30.RELEASE.jar:4.3.30.RELEASE]
	at org.springframework.beans.factory.support.AbstractAutowireCapableBeanFactory.instantiateUsingFactoryMethod(AbstractAutowireCapableBeanFactory.java:1176) ~[spring-beans-4.3.30.RELEASE.jar:4.3.30.RELEASE]
	at org.springframework.beans.factory.support.AbstractAutowireCapableBeanFactory.createBeanInstance(AbstractAutowireCapableBeanFactory.java:1071) ~[spring-beans-4.3.30.RELEASE.jar:4.3.30.RELEASE]
	at org.springframework.beans.factory.support.AbstractAutowireCapableBeanFactory.doCreateBean(AbstractAutowireCapableBeanFactory.java:511) ~[spring-beans-4.3.30.RELEASE.jar:4.3.30.RELEASE]
	at org.springframework.beans.factory.support.AbstractAutowireCapableBeanFactory.createBean(AbstractAutowireCapableBeanFactory.java:481) ~[spring-beans-4.3.30.RELEASE.jar:4.3.30.RELEASE]
	at org.springframework.beans.factory.support.AbstractBeanFactory$1.getObject(AbstractBeanFactory.java:312) ~[spring-beans-4.3.30.RELEASE.jar:4.3.30.RELEASE]
	at org.springframework.beans.factory.support.DefaultSingletonBeanRegistry.getSingleton(DefaultSingletonBeanRegistry.java:230) ~[spring-beans-4.3.30.RELEASE.jar:4.3.30.RELEASE]
	at org.springframework.beans.factory.support.AbstractBeanFactory.doGetBean(AbstractBeanFactory.java:308) ~[spring-beans-4.3.30.RELEASE.jar:4.3.30.RELEASE]
	at org.springframework.beans.factory.support.AbstractBeanFactory.getBean(AbstractBeanFactory.java:202) ~[spring-beans-4.3.30.RELEASE.jar:4.3.30.RELEASE]
	at org.springframework.context.support.PostProcessorRegistrationDelegate.registerBeanPostProcessors(PostProcessorRegistrationDelegate.java:225) ~[spring-context-4.3.30.RELEASE.jar:4.3.30.RELEASE]
	at org.springframework.context.support.AbstractApplicationContext.registerBeanPostProcessors(AbstractApplicationContext.java:703) ~[spring-context-4.3.30.RELEASE.jar:4.3.30.RELEASE]
	at org.springframework.context.support.AbstractApplicationContext.refresh(AbstractApplicationContext.java:527) ~[spring-context-4.3.30.RELEASE.jar:4.3.30.RELEASE]
	at org.springframework.test.context.support.AbstractGenericContextLoader.loadContext(AbstractGenericContextLoader.java:127) ~[spring-test-4.3.30.RELEASE.jar:4.3.30.RELEASE]
	at org.springframework.test.context.support.AbstractGenericContextLoader.loadContext(AbstractGenericContextLoader.java:60) ~[spring-test-4.3.30.RELEASE.jar:4.3.30.RELEASE]
	at org.springframework.test.context.cache.DefaultCacheAwareContextLoaderDelegate.loadContextInternal(DefaultCacheAwareContextLoaderDelegate.java:98) ~[spring-test-4.3.30.RELEASE.jar:4.3.30.RELEASE]
	at org.springframework.test.context.cache.DefaultCacheAwareContextLoaderDelegate.loadContext(DefaultCacheAwareContextLoaderDelegate.java:116) ~[spring-test-4.3.30.RELEASE.jar:4.3.30.RELEASE]
	... 27 more
Caused by: java.lang.IllegalStateException: configurationValue is required
	at org.finra.herd.core.helper.ConfigurationHelper.getProperty(ConfigurationHelper.java:74) ~[classes/:?]
	at org.finra.herd.core.helper.ConfigurationHelper.getProperty(ConfigurationHelper.java:249) ~[classes/:?]
	at org.finra.herd.core.config.CoreSpringModuleConfig.getAsyncExecutor(CoreSpringModuleConfig.java:128) ~[classes/:?]
	at org.finra.herd.core.config.CoreSpringModuleConfig$$EnhancerBySpringCGLIB$$ed466ae2.CGLIB$getAsyncExecutor$2(<generated>) ~[classes/:?]
	at org.finra.herd.core.config.CoreSpringModuleConfig$$EnhancerBySpringCGLIB$$ed466ae2$$FastClassBySpringCGLIB$$c0b2749a.invoke(<generated>) ~[classes/:?]
	at org.springframework.cglib.proxy.MethodProxy.invokeSuper(MethodProxy.java:228) ~[spring-core-4.3.30.RELEASE.jar:4.3.30.RELEASE]
	at org.springframework.context.annotation.ConfigurationClassEnhancer$BeanMethodInterceptor.intercept(ConfigurationClassEnhancer.java:358) ~[spring-context-4.3.30.RELEASE.jar:4.3.30.RELEASE]
	at org.finra.herd.core.config.CoreSpringModuleConfig$$EnhancerBySpringCGLIB$$ed466ae2.getAsyncExecutor(<generated>) ~[classes/:?]
	at org.finra.herd.core.config.CoreSpringModuleConfig.getAsyncExecutor(CoreSpringModuleConfig.java:47) ~[classes/:?]
	at org.finra.herd.core.config.CoreSpringModuleConfig$$EnhancerBySpringCGLIB$$ed466ae2.CGLIB$getAsyncExecutor$1(<generated>) ~[classes/:?]
	at org.finra.herd.core.config.CoreSpringModuleConfig$$EnhancerBySpringCGLIB$$ed466ae2$$FastClassBySpringCGLIB$$c0b2749a.invoke(<generated>) ~[classes/:?]
	at org.springframework.cglib.proxy.MethodProxy.invokeSuper(MethodProxy.java:228) ~[spring-core-4.3.30.RELEASE.jar:4.3.30.RELEASE]
	at org.springframework.context.annotation.ConfigurationClassEnhancer$BeanMethodInterceptor.intercept(ConfigurationClassEnhancer.java:358) ~[spring-context-4.3.30.RELEASE.jar:4.3.30.RELEASE]
	at org.finra.herd.core.config.CoreSpringModuleConfig$$EnhancerBySpringCGLIB$$ed466ae2.getAsyncExecutor(<generated>) ~[classes/:?]
	at sun.reflect.NativeMethodAccessorImpl.invoke0(Native Method) ~[?:1.8.0_482]
	at sun.reflect.NativeMethodAccessorImpl.invoke(NativeMethodAccessorImpl.java:62) ~[?:1.8.0_482]
	at sun.reflect.DelegatingMethodAccessorImpl.invoke(DelegatingMethodAccessorImpl.java:43) ~[?:1.8.0_482]
	at java.lang.reflect.Method.invoke(Method.java:498) ~[?:1.8.0_482]
	at org.springframework.beans.factory.support.SimpleInstantiationStrategy.instantiate(SimpleInstantiationStrategy.java:162) ~[spring-beans-4.3.30.RELEASE.jar:4.3.30.RELEASE]
	at org.springframework.beans.factory.support.ConstructorResolver.instantiateUsingFactoryMethod(ConstructorResolver.java:588) ~[spring-beans-4.3.30.RELEASE.jar:4.3.30.RELEASE]
	at org.springframework.beans.factory.support.AbstractAutowireCapableBeanFactory.instantiateUsingFactoryMethod(AbstractAutowireCapableBeanFactory.java:1176) ~[spring-beans-4.3.30.RELEASE.jar:4.3.30.RELEASE]
	at org.springframework.beans.factory.support.AbstractAutowireCapableBeanFactory.createBeanInstance(AbstractAutowireCapableBeanFactory.java:1071) ~[spring-beans-4.3.30.RELEASE.jar:4.3.30.RELEASE]
	at org.springframework.beans.factory.support.AbstractAutowireCapableBeanFactory.doCreateBean(AbstractAutowireCapableBeanFactory.java:511) ~[spring-beans-4.3.30.RELEASE.jar:4.3.30.RELEASE]
	at org.springframework.beans.factory.support.AbstractAutowireCapableBeanFactory.createBean(AbstractAutowireCapableBeanFactory.java:481) ~[spring-beans-4.3.30.RELEASE.jar:4.3.30.RELEASE]
	at org.springframework.beans.factory.support.AbstractBeanFactory$1.getObject(AbstractBeanFactory.java:312) ~[spring-beans-4.3.30.RELEASE.jar:4.3.30.RELEASE]
	at org.springframework.beans.factory.support.DefaultSingletonBeanRegistry.getSingleton(DefaultSingletonBeanRegistry.java:230) ~[spring-beans-4.3.30.RELEASE.jar:4.3.30.RELEASE]
	at org.springframework.beans.factory.support.AbstractBeanFactory.doGetBean(AbstractBeanFactory.java:308) ~[spring-beans-4.3.30.RELEASE.jar:4.3.30.RELEASE]
	at org.springframework.beans.factory.support.AbstractBeanFactory.getBean(AbstractBeanFactory.java:197) ~[spring-beans-4.3.30.RELEASE.jar:4.3.30.RELEASE]
	at org.springframework.context.annotation.ConfigurationClassEnhancer$BeanMethodInterceptor.obtainBeanInstanceFromFactory(ConfigurationClassEnhancer.java:389) ~[spring-context-4.3.30.RELEASE.jar:4.3.30.RELEASE]
	at org.springframework.context.annotation.ConfigurationClassEnhancer$BeanMethodInterceptor.intercept(ConfigurationClassEnhancer.java:361) ~[spring-context-4.3.30.RELEASE.jar:4.3.30.RELEASE]
	at org.finra.herd.core.config.CoreSpringModuleConfig$$EnhancerBySpringCGLIB$$ed466ae2.getAsyncExecutor(<generated>) ~[classes/:?]
	at org.springframework.scheduling.annotation.AbstractAsyncConfiguration.setConfigurers(AbstractAsyncConfiguration.java:71) ~[spring-context-4.3.30.RELEASE.jar:4.3.30.RELEASE]
	at sun.reflect.NativeMethodAccessorImpl.invoke0(Native Method) ~[?:1.8.0_482]
	at sun.reflect.NativeMethodAccessorImpl.invoke(NativeMethodAccessorImpl.java:62) ~[?:1.8.0_482]
	at sun.reflect.DelegatingMethodAccessorImpl.invoke(DelegatingMethodAccessorImpl.java:43) ~[?:1.8.0_482]
	at java.lang.reflect.Method.invoke(Method.java:498) ~[?:1.8.0_482]
	at org.springframework.beans.factory.annotation.AutowiredAnnotationBeanPostProcessor$AutowiredMethodElement.inject(AutowiredAnnotationBeanPostProcessor.java:700) ~[spring-beans-4.3.30.RELEASE.jar:4.3.30.RELEASE]
	at org.springframework.beans.factory.annotation.InjectionMetadata.inject(InjectionMetadata.java:87) ~[spring-beans-4.3.30.RELEASE.jar:4.3.30.RELEASE]
	at org.springframework.beans.factory.annotation.AutowiredAnnotationBeanPostProcessor.postProcessPropertyValues(AutowiredAnnotationBeanPostProcessor.java:366) ~[spring-beans-4.3.30.RELEASE.jar:4.3.30.RELEASE]
	at org.springframework.beans.factory.support.AbstractAutowireCapableBeanFactory.populateBean(AbstractAutowireCapableBeanFactory.java:1257) ~[spring-beans-4.3.30.RELEASE.jar:4.3.30.RELEASE]
	at org.springframework.beans.factory.support.AbstractAutowireCapableBeanFactory.doCreateBean(AbstractAutowireCapableBeanFactory.java:551) ~[spring-beans-4.3.30.RELEASE.jar:4.3.30.RELEASE]
	at org.springframework.beans.factory.support.AbstractAutowireCapableBeanFactory.createBean(AbstractAutowireCapableBeanFactory.java:481) ~[spring-beans-4.3.30.RELEASE.jar:4.3.30.RELEASE]
	at org.springframework.beans.factory.support.AbstractBeanFactory$1.getObject(AbstractBeanFactory.java:312) ~[spring-beans-4.3.30.RELEASE.jar:4.3.30.RELEASE]
	at org.springframework.beans.factory.support.DefaultSingletonBeanRegistry.getSingleton(DefaultSingletonBeanRegistry.java:230) ~[spring-beans-4.3.30.RELEASE.jar:4.3.30.RELEASE]
	at org.springframework.beans.factory.support.AbstractBeanFactory.doGetBean(AbstractBeanFactory.java:308) ~[spring-beans-4.3.30.RELEASE.jar:4.3.30.RELEASE]
	at org.springframework.beans.factory.support.AbstractBeanFactory.getBean(AbstractBeanFactory.java:197) ~[spring-beans-4.3.30.RELEASE.jar:4.3.30.RELEASE]
	at org.springframework.beans.factory.support.ConstructorResolver.instantiateUsingFactoryMethod(ConstructorResolver.java:372) ~[spring-beans-4.3.30.RELEASE.jar:4.3.30.RELEASE]
	at org.springframework.beans.factory.support.AbstractAutowireCapableBeanFactory.instantiateUsingFactoryMethod(AbstractAutowireCapableBeanFactory.java:1176) ~[spring-beans-4.3.30.RELEASE.jar:4.3.30.RELEASE]
	at org.springframework.beans.factory.support.AbstractAutowireCapableBeanFactory.createBeanInstance(AbstractAutowireCapableBeanFactory.java:1071) ~[spring-beans-4.3.30.RELEASE.jar:4.3.30.RELEASE]
	at org.springframework.beans.factory.support.AbstractAutowireCapableBeanFactory.doCreateBean(AbstractAutowireCapableBeanFactory.java:511) ~[spring-beans-4.3.30.RELEASE.jar:4.3.30.RELEASE]
	at org.springframework.beans.factory.support.AbstractAutowireCapableBeanFactory.createBean(AbstractAutowireCapableBeanFactory.java:481) ~[spring-beans-4.3.30.RELEASE.jar:4.3.30.RELEASE]
	at org.springframework.beans.factory.support.AbstractBeanFactory$1.getObject(AbstractBeanFactory.java:312) ~[spring-beans-4.3.30.RELEASE.jar:4.3.30.RELEASE]
	at org.springframework.beans.factory.support.DefaultSingletonBeanRegistry.getSingleton(DefaultSingletonBeanRegistry.java:230) ~[spring-beans-4.3.30.RELEASE.jar:4.3.30.RELEASE]
	at org.springframework.beans.factory.support.AbstractBeanFactory.doGetBean(AbstractBeanFactory.java:308) ~[spring-beans-4.3.30.RELEASE.jar:4.3.30.RELEASE]
	at org.springframework.beans.factory.support.AbstractBeanFactory.getBean(AbstractBeanFactory.java:202) ~[spring-beans-4.3.30.RELEASE.jar:4.3.30.RELEASE]
	at org.springframework.context.support.PostProcessorRegistrationDelegate.registerBeanPostProcessors(PostProcessorRegistrationDelegate.java:225) ~[spring-context-4.3.30.RELEASE.jar:4.3.30.RELEASE]
	at org.springframework.context.support.AbstractApplicationContext.registerBeanPostProcessors(AbstractApplicationContext.java:703) ~[spring-context-4.3.30.RELEASE.jar:4.3.30.RELEASE]
	at org.springframework.context.support.AbstractApplicationContext.refresh(AbstractApplicationContext.java:527) ~[spring-context-4.3.30.RELEASE.jar:4.3.30.RELEASE]
	at org.springframework.test.context.support.AbstractGenericContextLoader.loadContext(AbstractGenericContextLoader.java:127) ~[spring-test-4.3.30.RELEASE.jar:4.3.30.RELEASE]
	at org.springframework.test.context.support.AbstractGenericContextLoader.loadContext(AbstractGenericContextLoader.java:60) ~[spring-test-4.3.30.RELEASE.jar:4.3.30.RELEASE]
	at org.springframework.test.context.cache.DefaultCacheAwareContextLoaderDelegate.loadContextInternal(DefaultCacheAwareContextLoaderDelegate.java:98) ~[spring-test-4.3.30.RELEASE.jar:4.3.30.RELEASE]
	at org.springframework.test.context.cache.DefaultCacheAwareContextLoaderDelegate.loadContext(DefaultCacheAwareContextLoaderDelegate.java:116) ~[spring-test-4.3.30.RELEASE.jar:4.3.30.RELEASE]
	... 27 more
[ERROR] Tests run: 1, Failures: 0, Errors: 1, Skipped: 0, Time elapsed: 2.174 s <<< FAILURE! - in org.finra.herd.core.helper.ConfigurationHelperTest
[ERROR] testGetPropertyReturnDefaultWhenValueConversionFails(org.finra.herd.core.helper.ConfigurationHelperTest)  Time elapsed: 0.022 s  <<< ERROR!
java.lang.IllegalStateException: Failed to load ApplicationContext
Caused by: org.springframework.beans.factory.BeanCreationException: Error creating bean with name 'org.springframework.scheduling.annotation.ProxyAsyncConfiguration': Initialization of bean failed; nested exception is org.springframework.beans.factory.BeanCreationException: Error creating bean with name 'getAsyncExecutor' defined in org.finra.herd.core.config.CoreSpringModuleConfig: Bean instantiation via factory method failed; nested exception is org.springframework.beans.BeanInstantiationException: Failed to instantiate [java.util.concurrent.Executor]: Factory method 'getAsyncExecutor' threw exception; nested exception is java.lang.IllegalStateException: configurationValue is required
Caused by: org.springframework.beans.factory.BeanCreationException: Error creating bean with name 'getAsyncExecutor' defined in org.finra.herd.core.config.CoreSpringModuleConfig: Bean instantiation via factory method failed; nested exception is org.springframework.beans.BeanInstantiationException: Failed to instantiate [java.util.concurrent.Executor]: Factory method 'getAsyncExecutor' threw exception; nested exception is java.lang.IllegalStateException: configurationValue is required
Caused by: org.springframework.beans.BeanInstantiationException: Failed to instantiate [java.util.concurrent.Executor]: Factory method 'getAsyncExecutor' threw exception; nested exception is java.lang.IllegalStateException: configurationValue is required
Caused by: java.lang.IllegalStateException: configurationValue is required

[INFO] 
[INFO] Results:
[INFO] 
[ERROR] Errors: 
[ERROR]   ConfigurationHelperTest.testGetPropertyReturnDefaultWhenValueConversionFails » IllegalState
[INFO] 
[ERROR] Tests run: 1, Failures: 0, Errors: 1, Skipped: 0
[INFO] 
[ERROR] There are test failures.

Please refer to C:\Users\osart\ATR_ProjectV2\compiledrepos\worker_dualA\42949039\herd-code\herd-core\target\surefire-reports for the individual test results.
Please refer to dump files (if any exist) [date].dump, [date]-jvmRun[N].dump and [date].dumpstream.
[INFO] 
[INFO] --- jacoco:0.8.7:report (jacoco-site) @ herd-core ---
[INFO] Loading execution data file C:\Users\osart\ATR_ProjectV2\compiledrepos\worker_dualA\42949039\herd-code\herd-core\target\jacoco.exec
[INFO] Analyzed bundle 'herd core' with 1 classes
[INFO] 
[INFO] --- jacoco:0.8.7:report (default-cli) @ herd-core ---
[INFO] Loading execution data file C:\Users\osart\ATR_ProjectV2\compiledrepos\worker_dualA\42949039\herd-code\herd-core\target\jacoco.exec
[INFO] Analyzed bundle 'herd core' with 1 classes
[INFO] ------------------------------------------------------------------------
[INFO] BUILD SUCCESS
[INFO] ------------------------------------------------------------------------
[INFO] Total time:  25.188 s
[INFO] Finished at: 2026-03-16T01:09:13-04:00
[INFO] ------------------------------------------------------------------------

===== MAVEN BASELINE-TEST END returncode=0 =====
[2026-03-16 01:09:14] Finished smoke baseline-test in 29.44s with returncode=0
[2026-03-16 01:09:14] Detected explicit Surefire failure markers despite successful Maven exit code.
[2026-03-16 01:09:14] Baseline failure log captured at C:\Users\osart\ATR_ProjectV2\output\worker_dualA\42949039\latest_failure_log.txt
[2026-03-16 01:09:14] [IterativeHealing] Retry 1 failure signal: java.lang.IllegalStateException: Failed to load ApplicationContext
[2026-03-16 01:09:14] [IterativeHealing] Retry 2/3 for ConfigurationHelperTest on focal ConfigurationHelper.
[2026-03-16 01:10:10] Smoke execution started. baseline_module_args=['-pl', 'herd-code/herd-core'] pit_module_args=['-pl', 'herd-code/herd-core'] test_classes=-Dtest=ConfigurationHelperTest#testGetPropertyReturnDefaultWhenValueConversionFails target_tests=['org.finra.herd.core.helper.ConfigurationHelperTest'] target_classes=['org.finra.herd.core.helper.ConfigurationHelper'] ast_test_method=testGetPropertyReturnDefaultWhenValueConversionFails ast_focal_method=getProperty excluded_mutation_methods=['getBigDecimalRequiredProperty', 'getBooleanProperty', 'getNonNegativeBigDecimalRequiredProperty', 'getPropertyAsString', 'getRequiredProperty', 'logErrorAndThrowIllegalStateException'] timeout=900s
[2026-03-16 01:10:10] Maven baseline command: mvn.cmd -o -B -pl herd-code/herd-core -Dtest=ConfigurationHelperTest#testGetPropertyReturnDefaultWhenValueConversionFails -Drat.skip=true -DfailIfNoTests=false -Dcheckstyle.skip=true jacoco:prepare-agent test jacoco:report
[2026-03-16 01:10:10] Maven PIT command: mvn.cmd -o -B -pl herd-code/herd-core -DtargetTests=org.finra.herd.core.helper.ConfigurationHelperTest -DtargetClasses=org.finra.herd.core.helper.ConfigurationHelper -DincludedTestMethods=testGetPropertyReturnDefaultWhenValueConversionFails -Dpitest.includedMethods=getProperty -DexcludedMethods=getBigDecimalRequiredProperty,getBooleanProperty,getNonNegativeBigDecimalRequiredProperty,getPropertyAsString,getRequiredProperty,logErrorAndThrowIllegalStateException -DfailWhenNoMutations=false -Dthreads=1 -DtimeoutConstant=120000 -DtimeoutFactor=4.0 -DparseSurefireArgLine=false -Dfeatures=-auto_threads -Drat.skip=true -DfailIfNoTests=false -Dcheckstyle.skip=true org.pitest:pitest-maven:mutationCoverage
[2026-03-16 01:10:10] Starting smoke baseline-test command=mvn.cmd -o -B -pl herd-code/herd-core -Dtest=ConfigurationHelperTest#testGetPropertyReturnDefaultWhenValueConversionFails -Drat.skip=true -DfailIfNoTests=false -Dcheckstyle.skip=true jacoco:prepare-agent test jacoco:report cwd=C:\Users\osart\ATR_ProjectV2\compiledrepos\worker_dualA\42949039

===== MAVEN BASELINE-TEST START =====
[INFO] Scanning for projects...
[INFO] 
[INFO] ----------------------< org.finra.herd:herd-core >----------------------
[INFO] Building herd core 0.176.0-SNAPSHOT
[INFO]   from pom.xml
[INFO] --------------------------------[ jar ]---------------------------------
[INFO] 
[INFO] --- jacoco:0.8.7:prepare-agent (default-cli) @ herd-core ---
[INFO] surefireArgLine set to -javaagent:C:\\Users\\osart\\.m2\\repository\\org\\jacoco\\org.jacoco.agent\\0.8.7\\org.jacoco.agent-0.8.7-runtime.jar=destfile=C:\\Users\\osart\\ATR_ProjectV2\\compiledrepos\\worker_dualA\\42949039\\herd-code\\herd-core\\target\\jacoco.exec,includes=org/finra/herd/core/helper/ConfigurationHelper*,output=file
[INFO] 
[INFO] --- jacoco:0.8.7:prepare-agent (jacoco-initialize) @ herd-core ---
[INFO] surefireArgLine set to -javaagent:C:\\Users\\osart\\.m2\\repository\\org\\jacoco\\org.jacoco.agent\\0.8.7\\org.jacoco.agent-0.8.7-runtime.jar=destfile=C:\\Users\\osart\\ATR_ProjectV2\\compiledrepos\\worker_dualA\\42949039\\herd-code\\herd-core\\target\\jacoco.exec,includes=org/finra/herd/core/helper/ConfigurationHelper*,output=file
[INFO] 
[INFO] --- build-helper:3.0.0:add-source (default) @ herd-core ---
[INFO] Source directory: C:\Users\osart\ATR_ProjectV2\compiledrepos\worker_dualA\42949039\herd-code\herd-core\target\generated-sources added.
[INFO] 
[INFO] --- resources:3.0.2:resources (default-resources) @ herd-core ---
[INFO] Using 'UTF-8' encoding to copy filtered resources.
[INFO] Copying 1 resource
[INFO] Copying 2 resources
[INFO] 
[INFO] --- flatten:1.1.0:flatten (flatten) @ herd-core ---
[INFO] Generating flattened POM of project org.finra.herd:herd-core:jar:0.176.0-SNAPSHOT...
[INFO] 
[INFO] --- compiler:3.7.0:compile (default-compile) @ herd-core ---
[INFO] Nothing to compile - all classes are up to date
[INFO] 
[INFO] --- resources:3.0.2:testResources (default-testResources) @ herd-core ---
[INFO] Using 'UTF-8' encoding to copy filtered resources.
[INFO] Copying 1 resource
[INFO] 
[INFO] --- compiler:3.7.0:testCompile (default-testCompile) @ herd-core ---
[INFO] Changes detected - recompiling the module!
[INFO] Compiling 18 source files to C:\Users\osart\ATR_ProjectV2\compiledrepos\worker_dualA\42949039\herd-code\herd-core\target\test-classes
[INFO] /C:/Users/osart/ATR_ProjectV2/compiledrepos/worker_dualA/42949039/herd-code/herd-core/src/test/java/org/finra/herd/core/AbstractCoreTest.java: C:\Users\osart\ATR_ProjectV2\compiledrepos\worker_dualA\42949039\herd-code\herd-core\src\test\java\org\finra\herd\core\AbstractCoreTest.java uses or overrides a deprecated API.
[INFO] /C:/Users/osart/ATR_ProjectV2/compiledrepos/worker_dualA/42949039/herd-code/herd-core/src/test/java/org/finra/herd/core/AbstractCoreTest.java: Recompile with -Xlint:deprecation for details.
[INFO] 
[INFO] --- surefire:2.22.2:test (default-test) @ herd-core ---
[INFO] 
[INFO] -------------------------------------------------------
[INFO]  T E S T S
[INFO] -------------------------------------------------------
[INFO] Running org.finra.herd.core.helper.ConfigurationHelperTest
Mar-16-2026 01:10:26.535 [main] WARN  org.springframework.context.support.GenericApplicationContext.refresh - Exception encountered during context initialization - cancelling refresh attempt: org.springframework.beans.factory.BeanCreationException: Error creating bean with name 'org.springframework.scheduling.annotation.ProxyAsyncConfiguration': Initialization of bean failed; nested exception is org.springframework.beans.factory.BeanCreationException: Error creating bean with name 'getAsyncExecutor' defined in org.finra.herd.core.config.CoreSpringModuleConfig: Bean instantiation via factory method failed; nested exception is org.springframework.beans.BeanInstantiationException: Failed to instantiate [org.springframework.core.task.TaskExecutor]: Factory method 'getAsyncExecutor' threw exception; nested exception is java.lang.IllegalStateException: configurationValue is required
Mar-16-2026 01:10:26.543 [main] ERROR org.springframework.test.context.TestContextManager.prepareTestInstance - Caught exception while allowing TestExecutionListener [org.springframework.test.context.support.DependencyInjectionTestExecutionListener@79179359] to prepare test instance [org.finra.herd.core.helper.ConfigurationHelperTest@dbd8e44]
java.lang.IllegalStateException: Failed to load ApplicationContext
	at org.springframework.test.context.cache.DefaultCacheAwareContextLoaderDelegate.loadContext(DefaultCacheAwareContextLoaderDelegate.java:124) ~[spring-test-4.3.30.RELEASE.jar:4.3.30.RELEASE]
	at org.springframework.test.context.support.DefaultTestContext.getApplicationContext(DefaultTestContext.java:83) ~[spring-test-4.3.30.RELEASE.jar:4.3.30.RELEASE]
	at org.springframework.test.context.support.DependencyInjectionTestExecutionListener.injectDependencies(DependencyInjectionTestExecutionListener.java:117) ~[spring-test-4.3.30.RELEASE.jar:4.3.30.RELEASE]
	at org.springframework.test.context.support.DependencyInjectionTestExecutionListener.prepareTestInstance(DependencyInjectionTestExecutionListener.java:83) ~[spring-test-4.3.30.RELEASE.jar:4.3.30.RELEASE]
	at org.springframework.test.context.TestContextManager.prepareTestInstance(TestContextManager.java:230) [spring-test-4.3.30.RELEASE.jar:4.3.30.RELEASE]
	at org.springframework.test.context.junit4.SpringJUnit4ClassRunner.createTest(SpringJUnit4ClassRunner.java:228) [spring-test-4.3.30.RELEASE.jar:4.3.30.RELEASE]
	at org.springframework.test.context.junit4.SpringJUnit4ClassRunner$1.runReflectiveCall(SpringJUnit4ClassRunner.java:287) [spring-test-4.3.30.RELEASE.jar:4.3.30.RELEASE]
	at org.junit.internal.runners.model.ReflectiveCallable.run(ReflectiveCallable.java:12) [junit-4.12.jar:4.12]
	at org.springframework.test.context.junit4.SpringJUnit4ClassRunner.methodBlock(SpringJUnit4ClassRunner.java:289) [spring-test-4.3.30.RELEASE.jar:4.3.30.RELEASE]
	at org.springframework.test.context.junit4.SpringJUnit4ClassRunner.runChild(SpringJUnit4ClassRunner.java:247) [spring-test-4.3.30.RELEASE.jar:4.3.30.RELEASE]
	at org.springframework.test.context.junit4.SpringJUnit4ClassRunner.runChild(SpringJUnit4ClassRunner.java:94) [spring-test-4.3.30.RELEASE.jar:4.3.30.RELEASE]
	at org.junit.runners.ParentRunner$3.run(ParentRunner.java:290) [junit-4.12.jar:4.12]
	at org.junit.runners.ParentRunner$1.schedule(ParentRunner.java:71) [junit-4.12.jar:4.12]
	at org.junit.runners.ParentRunner.runChildren(ParentRunner.java:288) [junit-4.12.jar:4.12]
	at org.junit.runners.ParentRunner.access$000(ParentRunner.java:58) [junit-4.12.jar:4.12]
	at org.junit.runners.ParentRunner$2.evaluate(ParentRunner.java:268) [junit-4.12.jar:4.12]
	at org.springframework.test.context.junit4.statements.RunBeforeTestClassCallbacks.evaluate(RunBeforeTestClassCallbacks.java:61) [spring-test-4.3.30.RELEASE.jar:4.3.30.RELEASE]
	at org.springframework.test.context.junit4.statements.RunAfterTestClassCallbacks.evaluate(RunAfterTestClassCallbacks.java:70) [spring-test-4.3.30.RELEASE.jar:4.3.30.RELEASE]
	at org.junit.runners.ParentRunner.run(ParentRunner.java:363) [junit-4.12.jar:4.12]
	at org.springframework.test.context.junit4.SpringJUnit4ClassRunner.run(SpringJUnit4ClassRunner.java:191) [spring-test-4.3.30.RELEASE.jar:4.3.30.RELEASE]
	at org.apache.maven.surefire.junit4.JUnit4Provider.execute(JUnit4Provider.java:365) [surefire-junit4-2.22.2.jar:2.22.2]
	at org.apache.maven.surefire.junit4.JUnit4Provider.executeWithRerun(JUnit4Provider.java:273) [surefire-junit4-2.22.2.jar:2.22.2]
	at org.apache.maven.surefire.junit4.JUnit4Provider.executeTestSet(JUnit4Provider.java:238) [surefire-junit4-2.22.2.jar:2.22.2]
	at org.apache.maven.surefire.junit4.JUnit4Provider.invoke(JUnit4Provider.java:159) [surefire-junit4-2.22.2.jar:2.22.2]
	at org.apache.maven.surefire.booter.ForkedBooter.invokeProviderInSameClassLoader(ForkedBooter.java:384) [surefire-booter-2.22.2.jar:2.22.2]
	at org.apache.maven.surefire.booter.ForkedBooter.runSuitesInProcess(ForkedBooter.java:345) [surefire-booter-2.22.2.jar:2.22.2]
	at org.apache.maven.surefire.booter.ForkedBooter.execute(ForkedBooter.java:126) [surefire-booter-2.22.2.jar:2.22.2]
	at org.apache.maven.surefire.booter.ForkedBooter.main(ForkedBooter.java:418) [surefire-booter-2.22.2.jar:2.22.2]
Caused by: org.springframework.beans.factory.BeanCreationException: Error creating bean with name 'org.springframework.scheduling.annotation.ProxyAsyncConfiguration': Initialization of bean failed; nested exception is org.springframework.beans.factory.BeanCreationException: Error creating bean with name 'getAsyncExecutor' defined in org.finra.herd.core.config.CoreSpringModuleConfig: Bean instantiation via factory method failed; nested exception is org.springframework.beans.BeanInstantiationException: Failed to instantiate [org.springframework.core.task.TaskExecutor]: Factory method 'getAsyncExecutor' threw exception; nested exception is java.lang.IllegalStateException: configurationValue is required
	at org.springframework.beans.factory.support.AbstractAutowireCapableBeanFactory.doCreateBean(AbstractAutowireCapableBeanFactory.java:562) ~[spring-beans-4.3.30.RELEASE.jar:4.3.30.RELEASE]
	at org.springframework.beans.factory.support.AbstractAutowireCapableBeanFactory.createBean(AbstractAutowireCapableBeanFactory.java:481) ~[spring-beans-4.3.30.RELEASE.jar:4.3.30.RELEASE]
	at org.springframework.beans.factory.support.AbstractBeanFactory$1.getObject(AbstractBeanFactory.java:312) ~[spring-beans-4.3.30.RELEASE.jar:4.3.30.RELEASE]
	at org.springframework.beans.factory.support.DefaultSingletonBeanRegistry.getSingleton(DefaultSingletonBeanRegistry.java:230) ~[spring-beans-4.3.30.RELEASE.jar:4.3.30.RELEASE]
	at org.springframework.beans.factory.support.AbstractBeanFactory.doGetBean(AbstractBeanFactory.java:308) ~[spring-beans-4.3.30.RELEASE.jar:4.3.30.RELEASE]
	at org.springframework.beans.factory.support.AbstractBeanFactory.getBean(AbstractBeanFactory.java:197) ~[spring-beans-4.3.30.RELEASE.jar:4.3.30.RELEASE]
	at org.springframework.beans.factory.support.ConstructorResolver.instantiateUsingFactoryMethod(ConstructorResolver.java:372) ~[spring-beans-4.3.30.RELEASE.jar:4.3.30.RELEASE]
	at org.springframework.beans.factory.support.AbstractAutowireCapableBeanFactory.instantiateUsingFactoryMethod(AbstractAutowireCapableBeanFactory.java:1176) ~[spring-beans-4.3.30.RELEASE.jar:4.3.30.RELEASE]
	at org.springframework.beans.factory.support.AbstractAutowireCapableBeanFactory.createBeanInstance(AbstractAutowireCapableBeanFactory.java:1071) ~[spring-beans-4.3.30.RELEASE.jar:4.3.30.RELEASE]
	at org.springframework.beans.factory.support.AbstractAutowireCapableBeanFactory.doCreateBean(AbstractAutowireCapableBeanFactory.java:511) ~[spring-beans-4.3.30.RELEASE.jar:4.3.30.RELEASE]
	at org.springframework.beans.factory.support.AbstractAutowireCapableBeanFactory.createBean(AbstractAutowireCapableBeanFactory.java:481) ~[spring-beans-4.3.30.RELEASE.jar:4.3.30.RELEASE]
	at org.springframework.beans.factory.support.AbstractBeanFactory$1.getObject(AbstractBeanFactory.java:312) ~[spring-beans-4.3.30.RELEASE.jar:4.3.30.RELEASE]
	at org.springframework.beans.factory.support.DefaultSingletonBeanRegistry.getSingleton(DefaultSingletonBeanRegistry.java:230) ~[spring-beans-4.3.30.RELEASE.jar:4.3.30.RELEASE]
	at org.springframework.beans.factory.support.AbstractBeanFactory.doGetBean(AbstractBeanFactory.java:308) ~[spring-beans-4.3.30.RELEASE.jar:4.3.30.RELEASE]
	at org.springframework.beans.factory.support.AbstractBeanFactory.getBean(AbstractBeanFactory.java:202) ~[spring-beans-4.3.30.RELEASE.jar:4.3.30.RELEASE]
	at org.springframework.context.support.PostProcessorRegistrationDelegate.registerBeanPostProcessors(PostProcessorRegistrationDelegate.java:225) ~[spring-context-4.3.30.RELEASE.jar:4.3.30.RELEASE]
	at org.springframework.context.support.AbstractApplicationContext.registerBeanPostProcessors(AbstractApplicationContext.java:703) ~[spring-context-4.3.30.RELEASE.jar:4.3.30.RELEASE]
	at org.springframework.context.support.AbstractApplicationContext.refresh(AbstractApplicationContext.java:527) ~[spring-context-4.3.30.RELEASE.jar:4.3.30.RELEASE]
	at org.springframework.test.context.support.AbstractGenericContextLoader.loadContext(AbstractGenericContextLoader.java:127) ~[spring-test-4.3.30.RELEASE.jar:4.3.30.RELEASE]
	at org.springframework.test.context.support.AbstractGenericContextLoader.loadContext(AbstractGenericContextLoader.java:60) ~[spring-test-4.3.30.RELEASE.jar:4.3.30.RELEASE]
	at org.springframework.test.context.cache.DefaultCacheAwareContextLoaderDelegate.loadContextInternal(DefaultCacheAwareContextLoaderDelegate.java:98) ~[spring-test-4.3.30.RELEASE.jar:4.3.30.RELEASE]
	at org.springframework.test.context.cache.DefaultCacheAwareContextLoaderDelegate.loadContext(DefaultCacheAwareContextLoaderDelegate.java:116) ~[spring-test-4.3.30.RELEASE.jar:4.3.30.RELEASE]
	... 27 more
Caused by: org.springframework.beans.factory.BeanCreationException: Error creating bean with name 'getAsyncExecutor' defined in org.finra.herd.core.config.CoreSpringModuleConfig: Bean instantiation via factory method failed; nested exception is org.springframework.beans.BeanInstantiationException: Failed to instantiate [org.springframework.core.task.TaskExecutor]: Factory method 'getAsyncExecutor' threw exception; nested exception is java.lang.IllegalStateException: configurationValue is required
	at org.springframework.beans.factory.support.ConstructorResolver.instantiateUsingFactoryMethod(ConstructorResolver.java:599) ~[spring-beans-4.3.30.RELEASE.jar:4.3.30.RELEASE]
	at org.springframework.beans.factory.support.AbstractAutowireCapableBeanFactory.instantiateUsingFactoryMethod(AbstractAutowireCapableBeanFactory.java:1176) ~[spring-beans-4.3.30.RELEASE.jar:4.3.30.RELEASE]
	at org.springframework.beans.factory.support.AbstractAutowireCapableBeanFactory.createBeanInstance(AbstractAutowireCapableBeanFactory.java:1071) ~[spring-beans-4.3.30.RELEASE.jar:4.3.30.RELEASE]
	at org.springframework.beans.factory.support.AbstractAutowireCapableBeanFactory.doCreateBean(AbstractAutowireCapableBeanFactory.java:511) ~[spring-beans-4.3.30.RELEASE.jar:4.3.30.RELEASE]
	at org.springframework.beans.factory.support.AbstractAutowireCapableBeanFactory.createBean(AbstractAutowireCapableBeanFactory.java:481) ~[spring-beans-4.3.30.RELEASE.jar:4.3.30.RELEASE]
	at org.springframework.beans.factory.support.AbstractBeanFactory$1.getObject(AbstractBeanFactory.java:312) ~[spring-beans-4.3.30.RELEASE.jar:4.3.30.RELEASE]
	at org.springframework.beans.factory.support.DefaultSingletonBeanRegistry.getSingleton(DefaultSingletonBeanRegistry.java:230) ~[spring-beans-4.3.30.RELEASE.jar:4.3.30.RELEASE]
	at org.springframework.beans.factory.support.AbstractBeanFactory.doGetBean(AbstractBeanFactory.java:308) ~[spring-beans-4.3.30.RELEASE.jar:4.3.30.RELEASE]
	at org.springframework.beans.factory.support.AbstractBeanFactory.getBean(AbstractBeanFactory.java:197) ~[spring-beans-4.3.30.RELEASE.jar:4.3.30.RELEASE]
	at org.springframework.context.annotation.ConfigurationClassEnhancer$BeanMethodInterceptor.obtainBeanInstanceFromFactory(ConfigurationClassEnhancer.java:389) ~[spring-context-4.3.30.RELEASE.jar:4.3.30.RELEASE]
	at org.springframework.context.annotation.ConfigurationClassEnhancer$BeanMethodInterceptor.intercept(ConfigurationClassEnhancer.java:361) ~[spring-context-4.3.30.RELEASE.jar:4.3.30.RELEASE]
	at org.finra.herd.core.config.CoreSpringModuleConfig$$EnhancerBySpringCGLIB$$ed466ae2.getAsyncExecutor(<generated>) ~[classes/:?]
	at org.springframework.scheduling.annotation.AbstractAsyncConfiguration.setConfigurers(AbstractAsyncConfiguration.java:71) ~[spring-context-4.3.30.RELEASE.jar:4.3.30.RELEASE]
	at sun.reflect.NativeMethodAccessorImpl.invoke0(Native Method) ~[?:1.8.0_482]
	at sun.reflect.NativeMethodAccessorImpl.invoke(NativeMethodAccessorImpl.java:62) ~[?:1.8.0_482]
	at sun.reflect.DelegatingMethodAccessorImpl.invoke(DelegatingMethodAccessorImpl.java:43) ~[?:1.8.0_482]
	at java.lang.reflect.Method.invoke(Method.java:498) ~[?:1.8.0_482]
	at org.springframework.beans.factory.annotation.AutowiredAnnotationBeanPostProcessor$AutowiredMethodElement.inject(AutowiredAnnotationBeanPostProcessor.java:700) ~[spring-beans-4.3.30.RELEASE.jar:4.3.30.RELEASE]
	at org.springframework.beans.factory.annotation.InjectionMetadata.inject(InjectionMetadata.java:87) ~[spring-beans-4.3.30.RELEASE.jar:4.3.30.RELEASE]
	at org.springframework.beans.factory.annotation.AutowiredAnnotationBeanPostProcessor.postProcessPropertyValues(AutowiredAnnotationBeanPostProcessor.java:366) ~[spring-beans-4.3.30.RELEASE.jar:4.3.30.RELEASE]
	at org.springframework.beans.factory.support.AbstractAutowireCapableBeanFactory.populateBean(AbstractAutowireCapableBeanFactory.java:1257) ~[spring-beans-4.3.30.RELEASE.jar:4.3.30.RELEASE]
	at org.springframework.beans.factory.support.AbstractAutowireCapableBeanFactory.doCreateBean(AbstractAutowireCapableBeanFactory.java:551) ~[spring-beans-4.3.30.RELEASE.jar:4.3.30.RELEASE]
	at org.springframework.beans.factory.support.AbstractAutowireCapableBeanFactory.createBean(AbstractAutowireCapableBeanFactory.java:481) ~[spring-beans-4.3.30.RELEASE.jar:4.3.30.RELEASE]
	at org.springframework.beans.factory.support.AbstractBeanFactory$1.getObject(AbstractBeanFactory.java:312) ~[spring-beans-4.3.30.RELEASE.jar:4.3.30.RELEASE]
	at org.springframework.beans.factory.support.DefaultSingletonBeanRegistry.getSingleton(DefaultSingletonBeanRegistry.java:230) ~[spring-beans-4.3.30.RELEASE.jar:4.3.30.RELEASE]
	at org.springframework.beans.factory.support.AbstractBeanFactory.doGetBean(AbstractBeanFactory.java:308) ~[spring-beans-4.3.30.RELEASE.jar:4.3.30.RELEASE]
	at org.springframework.beans.factory.support.AbstractBeanFactory.getBean(AbstractBeanFactory.java:197) ~[spring-beans-4.3.30.RELEASE.jar:4.3.30.RELEASE]
	at org.springframework.beans.factory.support.ConstructorResolver.instantiateUsingFactoryMethod(ConstructorResolver.java:372) ~[spring-beans-4.3.30.RELEASE.jar:4.3.30.RELEASE]
	at org.springframework.beans.factory.support.AbstractAutowireCapableBeanFactory.instantiateUsingFactoryMethod(AbstractAutowireCapableBeanFactory.java:1176) ~[spring-beans-4.3.30.RELEASE.jar:4.3.30.RELEASE]
	at org.springframework.beans.factory.support.AbstractAutowireCapableBeanFactory.createBeanInstance(AbstractAutowireCapableBeanFactory.java:1071) ~[spring-beans-4.3.30.RELEASE.jar:4.3.30.RELEASE]
	at org.springframework.beans.factory.support.AbstractAutowireCapableBeanFactory.doCreateBean(AbstractAutowireCapableBeanFactory.java:511) ~[spring-beans-4.3.30.RELEASE.jar:4.3.30.RELEASE]
	at org.springframework.beans.factory.support.AbstractAutowireCapableBeanFactory.createBean(AbstractAutowireCapableBeanFactory.java:481) ~[spring-beans-4.3.30.RELEASE.jar:4.3.30.RELEASE]
	at org.springframework.beans.factory.support.AbstractBeanFactory$1.getObject(AbstractBeanFactory.java:312) ~[spring-beans-4.3.30.RELEASE.jar:4.3.30.RELEASE]
	at org.springframework.beans.factory.support.DefaultSingletonBeanRegistry.getSingleton(DefaultSingletonBeanRegistry.java:230) ~[spring-beans-4.3.30.RELEASE.jar:4.3.30.RELEASE]
	at org.springframework.beans.factory.support.AbstractBeanFactory.doGetBean(AbstractBeanFactory.java:308) ~[spring-beans-4.3.30.RELEASE.jar:4.3.30.RELEASE]
	at org.springframework.beans.factory.support.AbstractBeanFactory.getBean(AbstractBeanFactory.java:202) ~[spring-beans-4.3.30.RELEASE.jar:4.3.30.RELEASE]
	at org.springframework.context.support.PostProcessorRegistrationDelegate.registerBeanPostProcessors(PostProcessorRegistrationDelegate.java:225) ~[spring-context-4.3.30.RELEASE.jar:4.3.30.RELEASE]
	at org.springframework.context.support.AbstractApplicationContext.registerBeanPostProcessors(AbstractApplicationContext.java:703) ~[spring-context-4.3.30.RELEASE.jar:4.3.30.RELEASE]
	at org.springframework.context.support.AbstractApplicationContext.refresh(AbstractApplicationContext.java:527) ~[spring-context-4.3.30.RELEASE.jar:4.3.30.RELEASE]
	at org.springframework.test.context.support.AbstractGenericContextLoader.loadContext(AbstractGenericContextLoader.java:127) ~[spring-test-4.3.30.RELEASE.jar:4.3.30.RELEASE]
	at org.springframework.test.context.support.AbstractGenericContextLoader.loadContext(AbstractGenericContextLoader.java:60) ~[spring-test-4.3.30.RELEASE.jar:4.3.30.RELEASE]
	at org.springframework.test.context.cache.DefaultCacheAwareContextLoaderDelegate.loadContextInternal(DefaultCacheAwareContextLoaderDelegate.java:98) ~[spring-test-4.3.30.RELEASE.jar:4.3.30.RELEASE]
	at org.springframework.test.context.cache.DefaultCacheAwareContextLoaderDelegate.loadContext(DefaultCacheAwareContextLoaderDelegate.java:116) ~[spring-test-4.3.30.RELEASE.jar:4.3.30.RELEASE]
	... 27 more
Caused by: org.springframework.beans.BeanInstantiationException: Failed to instantiate [org.springframework.core.task.TaskExecutor]: Factory method 'getAsyncExecutor' threw exception; nested exception is java.lang.IllegalStateException: configurationValue is required
	at org.springframework.beans.factory.support.SimpleInstantiationStrategy.instantiate(SimpleInstantiationStrategy.java:189) ~[spring-beans-4.3.30.RELEASE.jar:4.3.30.RELEASE]
	at org.springframework.beans.factory.support.ConstructorResolver.instantiateUsingFactoryMethod(ConstructorResolver.java:588) ~[spring-beans-4.3.30.RELEASE.jar:4.3.30.RELEASE]
	at org.springframework.beans.factory.support.AbstractAutowireCapableBeanFactory.instantiateUsingFactoryMethod(AbstractAutowireCapableBeanFactory.java:1176) ~[spring-beans-4.3.30.RELEASE.jar:4.3.30.RELEASE]
	at org.springframework.beans.factory.support.AbstractAutowireCapableBeanFactory.createBeanInstance(AbstractAutowireCapableBeanFactory.java:1071) ~[spring-beans-4.3.30.RELEASE.jar:4.3.30.RELEASE]
	at org.springframework.beans.factory.support.AbstractAutowireCapableBeanFactory.doCreateBean(AbstractAutowireCapableBeanFactory.java:511) ~[spring-beans-4.3.30.RELEASE.jar:4.3.30.RELEASE]
	at org.springframework.beans.factory.support.AbstractAutowireCapableBeanFactory.createBean(AbstractAutowireCapableBeanFactory.java:481) ~[spring-beans-4.3.30.RELEASE.jar:4.3.30.RELEASE]
	at org.springframework.beans.factory.support.AbstractBeanFactory$1.getObject(AbstractBeanFactory.java:312) ~[spring-beans-4.3.30.RELEASE.jar:4.3.30.RELEASE]
	at org.springframework.beans.factory.support.DefaultSingletonBeanRegistry.getSingleton(DefaultSingletonBeanRegistry.java:230) ~[spring-beans-4.3.30.RELEASE.jar:4.3.30.RELEASE]
	at org.springframework.beans.factory.support.AbstractBeanFactory.doGetBean(AbstractBeanFactory.java:308) ~[spring-beans-4.3.30.RELEASE.jar:4.3.30.RELEASE]
	at org.springframework.beans.factory.support.AbstractBeanFactory.getBean(AbstractBeanFactory.java:197) ~[spring-beans-4.3.30.RELEASE.jar:4.3.30.RELEASE]
	at org.springframework.context.annotation.ConfigurationClassEnhancer$BeanMethodInterceptor.obtainBeanInstanceFromFactory(ConfigurationClassEnhancer.java:389) ~[spring-context-4.3.30.RELEASE.jar:4.3.30.RELEASE]
	at org.springframework.context.annotation.ConfigurationClassEnhancer$BeanMethodInterceptor.intercept(ConfigurationClassEnhancer.java:361) ~[spring-context-4.3.30.RELEASE.jar:4.3.30.RELEASE]
	at org.finra.herd.core.config.CoreSpringModuleConfig$$EnhancerBySpringCGLIB$$ed466ae2.getAsyncExecutor(<generated>) ~[classes/:?]
	at org.springframework.scheduling.annotation.AbstractAsyncConfiguration.setConfigurers(AbstractAsyncConfiguration.java:71) ~[spring-context-4.3.30.RELEASE.jar:4.3.30.RELEASE]
	at sun.reflect.NativeMethodAccessorImpl.invoke0(Native Method) ~[?:1.8.0_482]
	at sun.reflect.NativeMethodAccessorImpl.invoke(NativeMethodAccessorImpl.java:62) ~[?:1.8.0_482]
	at sun.reflect.DelegatingMethodAccessorImpl.invoke(DelegatingMethodAccessorImpl.java:43) ~[?:1.8.0_482]
	at java.lang.reflect.Method.invoke(Method.java:498) ~[?:1.8.0_482]
	at org.springframework.beans.factory.annotation.AutowiredAnnotationBeanPostProcessor$AutowiredMethodElement.inject(AutowiredAnnotationBeanPostProcessor.java:700) ~[spring-beans-4.3.30.RELEASE.jar:4.3.30.RELEASE]
	at org.springframework.beans.factory.annotation.InjectionMetadata.inject(InjectionMetadata.java:87) ~[spring-beans-4.3.30.RELEASE.jar:4.3.30.RELEASE]
	at org.springframework.beans.factory.annotation.AutowiredAnnotationBeanPostProcessor.postProcessPropertyValues(AutowiredAnnotationBeanPostProcessor.java:366) ~[spring-beans-4.3.30.RELEASE.jar:4.3.30.RELEASE]
	at org.springframework.beans.factory.support.AbstractAutowireCapableBeanFactory.populateBean(AbstractAutowireCapableBeanFactory.java:1257) ~[spring-beans-4.3.30.RELEASE.jar:4.3.30.RELEASE]
	at org.springframework.beans.factory.support.AbstractAutowireCapableBeanFactory.doCreateBean(AbstractAutowireCapableBeanFactory.java:551) ~[spring-beans-4.3.30.RELEASE.jar:4.3.30.RELEASE]
	at org.springframework.beans.factory.support.AbstractAutowireCapableBeanFactory.createBean(AbstractAutowireCapableBeanFactory.java:481) ~[spring-beans-4.3.30.RELEASE.jar:4.3.30.RELEASE]
	at org.springframework.beans.factory.support.AbstractBeanFactory$1.getObject(AbstractBeanFactory.java:312) ~[spring-beans-4.3.30.RELEASE.jar:4.3.30.RELEASE]
	at org.springframework.beans.factory.support.DefaultSingletonBeanRegistry.getSingleton(DefaultSingletonBeanRegistry.java:230) ~[spring-beans-4.3.30.RELEASE.jar:4.3.30.RELEASE]
	at org.springframework.beans.factory.support.AbstractBeanFactory.doGetBean(AbstractBeanFactory.java:308) ~[spring-beans-4.3.30.RELEASE.jar:4.3.30.RELEASE]
	at org.springframework.beans.factory.support.AbstractBeanFactory.getBean(AbstractBeanFactory.java:197) ~[spring-beans-4.3.30.RELEASE.jar:4.3.30.RELEASE]
	at org.springframework.beans.factory.support.ConstructorResolver.instantiateUsingFactoryMethod(ConstructorResolver.java:372) ~[spring-beans-4.3.30.RELEASE.jar:4.3.30.RELEASE]
	at org.springframework.beans.factory.support.AbstractAutowireCapableBeanFactory.instantiateUsingFactoryMethod(AbstractAutowireCapableBeanFactory.java:1176) ~[spring-beans-4.3.30.RELEASE.jar:4.3.30.RELEASE]
	at org.springframework.beans.factory.support.AbstractAutowireCapableBeanFactory.createBeanInstance(AbstractAutowireCapableBeanFactory.java:1071) ~[spring-beans-4.3.30.RELEASE.jar:4.3.30.RELEASE]
	at org.springframework.beans.factory.support.AbstractAutowireCapableBeanFactory.doCreateBean(AbstractAutowireCapableBeanFactory.java:511) ~[spring-beans-4.3.30.RELEASE.jar:4.3.30.RELEASE]
	at org.springframework.beans.factory.support.AbstractAutowireCapableBeanFactory.createBean(AbstractAutowireCapableBeanFactory.java:481) ~[spring-beans-4.3.30.RELEASE.jar:4.3.30.RELEASE]
	at org.springframework.beans.factory.support.AbstractBeanFactory$1.getObject(AbstractBeanFactory.java:312) ~[spring-beans-4.3.30.RELEASE.jar:4.3.30.RELEASE]
	at org.springframework.beans.factory.support.DefaultSingletonBeanRegistry.getSingleton(DefaultSingletonBeanRegistry.java:230) ~[spring-beans-4.3.30.RELEASE.jar:4.3.30.RELEASE]
	at org.springframework.beans.factory.support.AbstractBeanFactory.doGetBean(AbstractBeanFactory.java:308) ~[spring-beans-4.3.30.RELEASE.jar:4.3.30.RELEASE]
	at org.springframework.beans.factory.support.AbstractBeanFactory.getBean(AbstractBeanFactory.java:202) ~[spring-beans-4.3.30.RELEASE.jar:4.3.30.RELEASE]
	at org.springframework.context.support.PostProcessorRegistrationDelegate.registerBeanPostProcessors(PostProcessorRegistrationDelegate.java:225) ~[spring-context-4.3.30.RELEASE.jar:4.3.30.RELEASE]
	at org.springframework.context.support.AbstractApplicationContext.registerBeanPostProcessors(AbstractApplicationContext.java:703) ~[spring-context-4.3.30.RELEASE.jar:4.3.30.RELEASE]
	at org.springframework.context.support.AbstractApplicationContext.refresh(AbstractApplicationContext.java:527) ~[spring-context-4.3.30.RELEASE.jar:4.3.30.RELEASE]
	at org.springframework.test.context.support.AbstractGenericContextLoader.loadContext(AbstractGenericContextLoader.java:127) ~[spring-test-4.3.30.RELEASE.jar:4.3.30.RELEASE]
	at org.springframework.test.context.support.AbstractGenericContextLoader.loadContext(AbstractGenericContextLoader.java:60) ~[spring-test-4.3.30.RELEASE.jar:4.3.30.RELEASE]
	at org.springframework.test.context.cache.DefaultCacheAwareContextLoaderDelegate.loadContextInternal(DefaultCacheAwareContextLoaderDelegate.java:98) ~[spring-test-4.3.30.RELEASE.jar:4.3.30.RELEASE]
	at org.springframework.test.context.cache.DefaultCacheAwareContextLoaderDelegate.loadContext(DefaultCacheAwareContextLoaderDelegate.java:116) ~[spring-test-4.3.30.RELEASE.jar:4.3.30.RELEASE]
	... 27 more
Caused by: java.lang.IllegalStateException: configurationValue is required
	at org.finra.herd.core.helper.ConfigurationHelper.getProperty(ConfigurationHelper.java:74) ~[classes/:?]
	at org.finra.herd.core.helper.ConfigurationHelper.getProperty(ConfigurationHelper.java:249) ~[classes/:?]
	at org.finra.herd.core.config.CoreSpringModuleConfig.getAsyncExecutor(CoreSpringModuleConfig.java:128) ~[classes/:?]
	at org.finra.herd.core.config.CoreSpringModuleConfig$$EnhancerBySpringCGLIB$$ed466ae2.CGLIB$getAsyncExecutor$3(<generated>) ~[classes/:?]
	at org.finra.herd.core.config.CoreSpringModuleConfig$$EnhancerBySpringCGLIB$$ed466ae2$$FastClassBySpringCGLIB$$c0b2749a.invoke(<generated>) ~[classes/:?]
	at org.springframework.cglib.proxy.MethodProxy.invokeSuper(MethodProxy.java:228) ~[spring-core-4.3.30.RELEASE.jar:4.3.30.RELEASE]
	at org.springframework.context.annotation.ConfigurationClassEnhancer$BeanMethodInterceptor.intercept(ConfigurationClassEnhancer.java:358) ~[spring-context-4.3.30.RELEASE.jar:4.3.30.RELEASE]
	at org.finra.herd.core.config.CoreSpringModuleConfig$$EnhancerBySpringCGLIB$$ed466ae2.getAsyncExecutor(<generated>) ~[classes/:?]
	at sun.reflect.NativeMethodAccessorImpl.invoke0(Native Method) ~[?:1.8.0_482]
	at sun.reflect.NativeMethodAccessorImpl.invoke(NativeMethodAccessorImpl.java:62) ~[?:1.8.0_482]
	at sun.reflect.DelegatingMethodAccessorImpl.invoke(DelegatingMethodAccessorImpl.java:43) ~[?:1.8.0_482]
	at java.lang.reflect.Method.invoke(Method.java:498) ~[?:1.8.0_482]
	at org.springframework.beans.factory.support.SimpleInstantiationStrategy.instantiate(SimpleInstantiationStrategy.java:162) ~[spring-beans-4.3.30.RELEASE.jar:4.3.30.RELEASE]
	at org.springframework.beans.factory.support.ConstructorResolver.instantiateUsingFactoryMethod(ConstructorResolver.java:588) ~[spring-beans-4.3.30.RELEASE.jar:4.3.30.RELEASE]
	at org.springframework.beans.factory.support.AbstractAutowireCapableBeanFactory.instantiateUsingFactoryMethod(AbstractAutowireCapableBeanFactory.java:1176) ~[spring-beans-4.3.30.RELEASE.jar:4.3.30.RELEASE]
	at org.springframework.beans.factory.support.AbstractAutowireCapableBeanFactory.createBeanInstance(AbstractAutowireCapableBeanFactory.java:1071) ~[spring-beans-4.3.30.RELEASE.jar:4.3.30.RELEASE]
	at org.springframework.beans.factory.support.AbstractAutowireCapableBeanFactory.doCreateBean(AbstractAutowireCapableBeanFactory.java:511) ~[spring-beans-4.3.30.RELEASE.jar:4.3.30.RELEASE]
	at org.springframework.beans.factory.support.AbstractAutowireCapableBeanFactory.createBean(AbstractAutowireCapableBeanFactory.java:481) ~[spring-beans-4.3.30.RELEASE.jar:4.3.30.RELEASE]
	at org.springframework.beans.factory.support.AbstractBeanFactory$1.getObject(AbstractBeanFactory.java:312) ~[spring-beans-4.3.30.RELEASE.jar:4.3.30.RELEASE]
	at org.springframework.beans.factory.support.DefaultSingletonBeanRegistry.getSingleton(DefaultSingletonBeanRegistry.java:230) ~[spring-beans-4.3.30.RELEASE.jar:4.3.30.RELEASE]
	at org.springframework.beans.factory.support.AbstractBeanFactory.doGetBean(AbstractBeanFactory.java:308) ~[spring-beans-4.3.30.RELEASE.jar:4.3.30.RELEASE]
	at org.springframework.beans.factory.support.AbstractBeanFactory.getBean(AbstractBeanFactory.java:197) ~[spring-beans-4.3.30.RELEASE.jar:4.3.30.RELEASE]
	at org.springframework.context.annotation.ConfigurationClassEnhancer$BeanMethodInterceptor.obtainBeanInstanceFromFactory(ConfigurationClassEnhancer.java:389) ~[spring-context-4.3.30.RELEASE.jar:4.3.30.RELEASE]
	at org.springframework.context.annotation.ConfigurationClassEnhancer$BeanMethodInterceptor.intercept(ConfigurationClassEnhancer.java:361) ~[spring-context-4.3.30.RELEASE.jar:4.3.30.RELEASE]
	at org.finra.herd.core.config.CoreSpringModuleConfig$$EnhancerBySpringCGLIB$$ed466ae2.getAsyncExecutor(<generated>) ~[classes/:?]
	at org.springframework.scheduling.annotation.AbstractAsyncConfiguration.setConfigurers(AbstractAsyncConfiguration.java:71) ~[spring-context-4.3.30.RELEASE.jar:4.3.30.RELEASE]
	at sun.reflect.NativeMethodAccessorImpl.invoke0(Native Method) ~[?:1.8.0_482]
	at sun.reflect.NativeMethodAccessorImpl.invoke(NativeMethodAccessorImpl.java:62) ~[?:1.8.0_482]
	at sun.reflect.DelegatingMethodAccessorImpl.invoke(DelegatingMethodAccessorImpl.java:43) ~[?:1.8.0_482]
	at java.lang.reflect.Method.invoke(Method.java:498) ~[?:1.8.0_482]
	at org.springframework.beans.factory.annotation.AutowiredAnnotationBeanPostProcessor$AutowiredMethodElement.inject(AutowiredAnnotationBeanPostProcessor.java:700) ~[spring-beans-4.3.30.RELEASE.jar:4.3.30.RELEASE]
	at org.springframework.beans.factory.annotation.InjectionMetadata.inject(InjectionMetadata.java:87) ~[spring-beans-4.3.30.RELEASE.jar:4.3.30.RELEASE]
	at org.springframework.beans.factory.annotation.AutowiredAnnotationBeanPostProcessor.postProcessPropertyValues(AutowiredAnnotationBeanPostProcessor.java:366) ~[spring-beans-4.3.30.RELEASE.jar:4.3.30.RELEASE]
	at org.springframework.beans.factory.support.AbstractAutowireCapableBeanFactory.populateBean(AbstractAutowireCapableBeanFactory.java:1257) ~[spring-beans-4.3.30.RELEASE.jar:4.3.30.RELEASE]
	at org.springframework.beans.factory.support.AbstractAutowireCapableBeanFactory.doCreateBean(AbstractAutowireCapableBeanFactory.java:551) ~[spring-beans-4.3.30.RELEASE.jar:4.3.30.RELEASE]
	at org.springframework.beans.factory.support.AbstractAutowireCapableBeanFactory.createBean(AbstractAutowireCapableBeanFactory.java:481) ~[spring-beans-4.3.30.RELEASE.jar:4.3.30.RELEASE]
	at org.springframework.beans.factory.support.AbstractBeanFactory$1.getObject(AbstractBeanFactory.java:312) ~[spring-beans-4.3.30.RELEASE.jar:4.3.30.RELEASE]
	at org.springframework.beans.factory.support.DefaultSingletonBeanRegistry.getSingleton(DefaultSingletonBeanRegistry.java:230) ~[spring-beans-4.3.30.RELEASE.jar:4.3.30.RELEASE]
	at org.springframework.beans.factory.support.AbstractBeanFactory.doGetBean(AbstractBeanFactory.java:308) ~[spring-beans-4.3.30.RELEASE.jar:4.3.30.RELEASE]
	at org.springframework.beans.factory.support.AbstractBeanFactory.getBean(AbstractBeanFactory.java:197) ~[spring-beans-4.3.30.RELEASE.jar:4.3.30.RELEASE]
	at org.springframework.beans.factory.support.ConstructorResolver.instantiateUsingFactoryMethod(ConstructorResolver.java:372) ~[spring-beans-4.3.30.RELEASE.jar:4.3.30.RELEASE]
	at org.springframework.beans.factory.support.AbstractAutowireCapableBeanFactory.instantiateUsingFactoryMethod(AbstractAutowireCapableBeanFactory.java:1176) ~[spring-beans-4.3.30.RELEASE.jar:4.3.30.RELEASE]
	at org.springframework.beans.factory.support.AbstractAutowireCapableBeanFactory.createBeanInstance(AbstractAutowireCapableBeanFactory.java:1071) ~[spring-beans-4.3.30.RELEASE.jar:4.3.30.RELEASE]
	at org.springframework.beans.factory.support.AbstractAutowireCapableBeanFactory.doCreateBean(AbstractAutowireCapableBeanFactory.java:511) ~[spring-beans-4.3.30.RELEASE.jar:4.3.30.RELEASE]
	at org.springframework.beans.factory.support.AbstractAutowireCapableBeanFactory.createBean(AbstractAutowireCapableBeanFactory.java:481) ~[spring-beans-4.3.30.RELEASE.jar:4.3.30.RELEASE]
	at org.springframework.beans.factory.support.AbstractBeanFactory$1.getObject(AbstractBeanFactory.java:312) ~[spring-beans-4.3.30.RELEASE.jar:4.3.30.RELEASE]
	at org.springframework.beans.factory.support.DefaultSingletonBeanRegistry.getSingleton(DefaultSingletonBeanRegistry.java:230) ~[spring-beans-4.3.30.RELEASE.jar:4.3.30.RELEASE]
	at org.springframework.beans.factory.support.AbstractBeanFactory.doGetBean(AbstractBeanFactory.java:308) ~[spring-beans-4.3.30.RELEASE.jar:4.3.30.RELEASE]
	at org.springframework.beans.factory.support.AbstractBeanFactory.getBean(AbstractBeanFactory.java:202) ~[spring-beans-4.3.30.RELEASE.jar:4.3.30.RELEASE]
	at org.springframework.context.support.PostProcessorRegistrationDelegate.registerBeanPostProcessors(PostProcessorRegistrationDelegate.java:225) ~[spring-context-4.3.30.RELEASE.jar:4.3.30.RELEASE]
	at org.springframework.context.support.AbstractApplicationContext.registerBeanPostProcessors(AbstractApplicationContext.java:703) ~[spring-context-4.3.30.RELEASE.jar:4.3.30.RELEASE]
	at org.springframework.context.support.AbstractApplicationContext.refresh(AbstractApplicationContext.java:527) ~[spring-context-4.3.30.RELEASE.jar:4.3.30.RELEASE]
	at org.springframework.test.context.support.AbstractGenericContextLoader.loadContext(AbstractGenericContextLoader.java:127) ~[spring-test-4.3.30.RELEASE.jar:4.3.30.RELEASE]
	at org.springframework.test.context.support.AbstractGenericContextLoader.loadContext(AbstractGenericContextLoader.java:60) ~[spring-test-4.3.30.RELEASE.jar:4.3.30.RELEASE]
	at org.springframework.test.context.cache.DefaultCacheAwareContextLoaderDelegate.loadContextInternal(DefaultCacheAwareContextLoaderDelegate.java:98) ~[spring-test-4.3.30.RELEASE.jar:4.3.30.RELEASE]
	at org.springframework.test.context.cache.DefaultCacheAwareContextLoaderDelegate.loadContext(DefaultCacheAwareContextLoaderDelegate.java:116) ~[spring-test-4.3.30.RELEASE.jar:4.3.30.RELEASE]
	... 27 more
[ERROR] Tests run: 1, Failures: 0, Errors: 1, Skipped: 0, Time elapsed: 2.152 s <<< FAILURE! - in org.finra.herd.core.helper.ConfigurationHelperTest
[ERROR] testGetPropertyReturnDefaultWhenValueConversionFails(org.finra.herd.core.helper.ConfigurationHelperTest)  Time elapsed: 0.01 s  <<< ERROR!
java.lang.IllegalStateException: Failed to load ApplicationContext
Caused by: org.springframework.beans.factory.BeanCreationException: Error creating bean with name 'org.springframework.scheduling.annotation.ProxyAsyncConfiguration': Initialization of bean failed; nested exception is org.springframework.beans.factory.BeanCreationException: Error creating bean with name 'getAsyncExecutor' defined in org.finra.herd.core.config.CoreSpringModuleConfig: Bean instantiation via factory method failed; nested exception is org.springframework.beans.BeanInstantiationException: Failed to instantiate [org.springframework.core.task.TaskExecutor]: Factory method 'getAsyncExecutor' threw exception; nested exception is java.lang.IllegalStateException: configurationValue is required
Caused by: org.springframework.beans.factory.BeanCreationException: Error creating bean with name 'getAsyncExecutor' defined in org.finra.herd.core.config.CoreSpringModuleConfig: Bean instantiation via factory method failed; nested exception is org.springframework.beans.BeanInstantiationException: Failed to instantiate [org.springframework.core.task.TaskExecutor]: Factory method 'getAsyncExecutor' threw exception; nested exception is java.lang.IllegalStateException: configurationValue is required
Caused by: org.springframework.beans.BeanInstantiationException: Failed to instantiate [org.springframework.core.task.TaskExecutor]: Factory method 'getAsyncExecutor' threw exception; nested exception is java.lang.IllegalStateException: configurationValue is required
Caused by: java.lang.IllegalStateException: configurationValue is required

[INFO] 
[INFO] Results:
[INFO] 
[ERROR] Errors: 
[ERROR]   ConfigurationHelperTest.testGetPropertyReturnDefaultWhenValueConversionFails » IllegalState
[INFO] 
[ERROR] Tests run: 1, Failures: 0, Errors: 1, Skipped: 0
[INFO] 
[ERROR] There are test failures.

Please refer to C:\Users\osart\ATR_ProjectV2\compiledrepos\worker_dualA\42949039\herd-code\herd-core\target\surefire-reports for the individual test results.
Please refer to dump files (if any exist) [date].dump, [date]-jvmRun[N].dump and [date].dumpstream.
[INFO] 
[INFO] --- jacoco:0.8.7:report (jacoco-site) @ herd-core ---
[INFO] Loading execution data file C:\Users\osart\ATR_ProjectV2\compiledrepos\worker_dualA\42949039\herd-code\herd-core\target\jacoco.exec
[INFO] Analyzed bundle 'herd core' with 1 classes
[INFO] 
[INFO] --- jacoco:0.8.7:report (default-cli) @ herd-core ---
[INFO] Loading execution data file C:\Users\osart\ATR_ProjectV2\compiledrepos\worker_dualA\42949039\herd-code\herd-core\target\jacoco.exec
[INFO] Analyzed bundle 'herd core' with 1 classes
[INFO] ------------------------------------------------------------------------
[INFO] BUILD SUCCESS
[INFO] ------------------------------------------------------------------------
[INFO] Total time:  14.903 s
[INFO] Finished at: 2026-03-16T01:10:27-04:00
[INFO] ------------------------------------------------------------------------

===== MAVEN BASELINE-TEST END returncode=0 =====
[2026-03-16 01:10:28] Finished smoke baseline-test in 18.22s with returncode=0
[2026-03-16 01:10:28] Detected explicit Surefire failure markers despite successful Maven exit code.
[2026-03-16 01:10:28] Baseline failure log captured at C:\Users\osart\ATR_ProjectV2\output\worker_dualA\42949039\latest_failure_log.txt
[2026-03-16 01:10:28] [IterativeHealing] Retry 2 failure signal: java.lang.IllegalStateException: Failed to load ApplicationContext
[2026-03-16 01:10:28] [IterativeHealing] Retry 3/3 for ConfigurationHelperTest on focal ConfigurationHelper.
[2026-03-16 01:13:09] Smoke execution started. baseline_module_args=['-pl', 'herd-code/herd-core'] pit_module_args=['-pl', 'herd-code/herd-core'] test_classes=-Dtest=ConfigurationHelperTest#testGetPropertyReturnDefaultWhenValueConversionFails target_tests=['org.finra.herd.core.helper.ConfigurationHelperTest'] target_classes=['org.finra.herd.core.helper.ConfigurationHelper'] ast_test_method=testGetPropertyReturnDefaultWhenValueConversionFails ast_focal_method=getProperty excluded_mutation_methods=['getBigDecimalRequiredProperty', 'getBooleanProperty', 'getNonNegativeBigDecimalRequiredProperty', 'getPropertyAsString', 'getRequiredProperty', 'logErrorAndThrowIllegalStateException'] timeout=900s
[2026-03-16 01:13:09] Maven baseline command: mvn.cmd -o -B -pl herd-code/herd-core -Dtest=ConfigurationHelperTest#testGetPropertyReturnDefaultWhenValueConversionFails -Drat.skip=true -DfailIfNoTests=false -Dcheckstyle.skip=true jacoco:prepare-agent test jacoco:report
[2026-03-16 01:13:09] Maven PIT command: mvn.cmd -o -B -pl herd-code/herd-core -DtargetTests=org.finra.herd.core.helper.ConfigurationHelperTest -DtargetClasses=org.finra.herd.core.helper.ConfigurationHelper -DincludedTestMethods=testGetPropertyReturnDefaultWhenValueConversionFails -Dpitest.includedMethods=getProperty -DexcludedMethods=getBigDecimalRequiredProperty,getBooleanProperty,getNonNegativeBigDecimalRequiredProperty,getPropertyAsString,getRequiredProperty,logErrorAndThrowIllegalStateException -DfailWhenNoMutations=false -Dthreads=1 -DtimeoutConstant=120000 -DtimeoutFactor=4.0 -DparseSurefireArgLine=false -Dfeatures=-auto_threads -Drat.skip=true -DfailIfNoTests=false -Dcheckstyle.skip=true org.pitest:pitest-maven:mutationCoverage
[2026-03-16 01:13:09] Starting smoke baseline-test command=mvn.cmd -o -B -pl herd-code/herd-core -Dtest=ConfigurationHelperTest#testGetPropertyReturnDefaultWhenValueConversionFails -Drat.skip=true -DfailIfNoTests=false -Dcheckstyle.skip=true jacoco:prepare-agent test jacoco:report cwd=C:\Users\osart\ATR_ProjectV2\compiledrepos\worker_dualA\42949039

===== MAVEN BASELINE-TEST START =====
[INFO] Scanning for projects...
[INFO] 
[INFO] ----------------------< org.finra.herd:herd-core >----------------------
[INFO] Building herd core 0.176.0-SNAPSHOT
[INFO]   from pom.xml
[INFO] --------------------------------[ jar ]---------------------------------
[INFO] 
[INFO] --- jacoco:0.8.7:prepare-agent (default-cli) @ herd-core ---
[INFO] surefireArgLine set to -javaagent:C:\\Users\\osart\\.m2\\repository\\org\\jacoco\\org.jacoco.agent\\0.8.7\\org.jacoco.agent-0.8.7-runtime.jar=destfile=C:\\Users\\osart\\ATR_ProjectV2\\compiledrepos\\worker_dualA\\42949039\\herd-code\\herd-core\\target\\jacoco.exec,includes=org/finra/herd/core/helper/ConfigurationHelper*,output=file
[INFO] 
[INFO] --- jacoco:0.8.7:prepare-agent (jacoco-initialize) @ herd-core ---
[INFO] surefireArgLine set to -javaagent:C:\\Users\\osart\\.m2\\repository\\org\\jacoco\\org.jacoco.agent\\0.8.7\\org.jacoco.agent-0.8.7-runtime.jar=destfile=C:\\Users\\osart\\ATR_ProjectV2\\compiledrepos\\worker_dualA\\42949039\\herd-code\\herd-core\\target\\jacoco.exec,includes=org/finra/herd/core/helper/ConfigurationHelper*,output=file
[INFO] 
[INFO] --- build-helper:3.0.0:add-source (default) @ herd-core ---
[INFO] Source directory: C:\Users\osart\ATR_ProjectV2\compiledrepos\worker_dualA\42949039\herd-code\herd-core\target\generated-sources added.
[INFO] 
[INFO] --- resources:3.0.2:resources (default-resources) @ herd-core ---
[INFO] Using 'UTF-8' encoding to copy filtered resources.
[INFO] Copying 1 resource
[INFO] Copying 2 resources
[INFO] 
[INFO] --- flatten:1.1.0:flatten (flatten) @ herd-core ---
[INFO] Generating flattened POM of project org.finra.herd:herd-core:jar:0.176.0-SNAPSHOT...
[INFO] 
[INFO] --- compiler:3.7.0:compile (default-compile) @ herd-core ---
[INFO] Nothing to compile - all classes are up to date
[INFO] 
[INFO] --- resources:3.0.2:testResources (default-testResources) @ herd-core ---
[INFO] Using 'UTF-8' encoding to copy filtered resources.
[INFO] Copying 1 resource
[INFO] 
[INFO] --- compiler:3.7.0:testCompile (default-testCompile) @ herd-core ---
[INFO] Changes detected - recompiling the module!
[INFO] Compiling 18 source files to C:\Users\osart\ATR_ProjectV2\compiledrepos\worker_dualA\42949039\herd-code\herd-core\target\test-classes
[INFO] /C:/Users/osart/ATR_ProjectV2/compiledrepos/worker_dualA/42949039/herd-code/herd-core/src/test/java/org/finra/herd/core/AbstractCoreTest.java: C:\Users\osart\ATR_ProjectV2\compiledrepos\worker_dualA\42949039\herd-code\herd-core\src\test\java\org\finra\herd\core\AbstractCoreTest.java uses or overrides a deprecated API.
[INFO] /C:/Users/osart/ATR_ProjectV2/compiledrepos/worker_dualA/42949039/herd-code/herd-core/src/test/java/org/finra/herd/core/AbstractCoreTest.java: Recompile with -Xlint:deprecation for details.
[INFO] 
[INFO] --- surefire:2.22.2:test (default-test) @ herd-core ---
[INFO] 
[INFO] -------------------------------------------------------
[INFO]  T E S T S
[INFO] -------------------------------------------------------
[INFO] Running org.finra.herd.core.helper.ConfigurationHelperTest
Mar-16-2026 01:13:23.162 [main] WARN  org.springframework.context.support.GenericApplicationContext.refresh - Exception encountered during context initialization - cancelling refresh attempt: org.springframework.beans.factory.BeanCreationException: Error creating bean with name 'org.springframework.scheduling.annotation.ProxyAsyncConfiguration': Initialization of bean failed; nested exception is org.springframework.beans.factory.BeanCreationException: Error creating bean with name 'getAsyncExecutor' defined in org.finra.herd.core.config.CoreSpringModuleConfig: Bean instantiation via factory method failed; nested exception is org.springframework.beans.BeanInstantiationException: Failed to instantiate [org.springframework.core.task.TaskExecutor]: Factory method 'getAsyncExecutor' threw exception; nested exception is java.lang.IllegalStateException: configurationValue is required
Mar-16-2026 01:13:23.165 [main] ERROR org.springframework.test.context.TestContextManager.prepareTestInstance - Caught exception while allowing TestExecutionListener [org.springframework.test.context.support.DependencyInjectionTestExecutionListener@79179359] to prepare test instance [org.finra.herd.core.helper.ConfigurationHelperTest@dbd8e44]
java.lang.IllegalStateException: Failed to load ApplicationContext
	at org.springframework.test.context.cache.DefaultCacheAwareContextLoaderDelegate.loadContext(DefaultCacheAwareContextLoaderDelegate.java:124) ~[spring-test-4.3.30.RELEASE.jar:4.3.30.RELEASE]
	at org.springframework.test.context.support.DefaultTestContext.getApplicationContext(DefaultTestContext.java:83) ~[spring-test-4.3.30.RELEASE.jar:4.3.30.RELEASE]
	at org.springframework.test.context.support.DependencyInjectionTestExecutionListener.injectDependencies(DependencyInjectionTestExecutionListener.java:117) ~[spring-test-4.3.30.RELEASE.jar:4.3.30.RELEASE]
	at org.springframework.test.context.support.DependencyInjectionTestExecutionListener.prepareTestInstance(DependencyInjectionTestExecutionListener.java:83) ~[spring-test-4.3.30.RELEASE.jar:4.3.30.RELEASE]
	at org.springframework.test.context.TestContextManager.prepareTestInstance(TestContextManager.java:230) [spring-test-4.3.30.RELEASE.jar:4.3.30.RELEASE]
	at org.springframework.test.context.junit4.SpringJUnit4ClassRunner.createTest(SpringJUnit4ClassRunner.java:228) [spring-test-4.3.30.RELEASE.jar:4.3.30.RELEASE]
	at org.springframework.test.context.junit4.SpringJUnit4ClassRunner$1.runReflectiveCall(SpringJUnit4ClassRunner.java:287) [spring-test-4.3.30.RELEASE.jar:4.3.30.RELEASE]
	at org.junit.internal.runners.model.ReflectiveCallable.run(ReflectiveCallable.java:12) [junit-4.12.jar:4.12]
	at org.springframework.test.context.junit4.SpringJUnit4ClassRunner.methodBlock(SpringJUnit4ClassRunner.java:289) [spring-test-4.3.30.RELEASE.jar:4.3.30.RELEASE]
	at org.springframework.test.context.junit4.SpringJUnit4ClassRunner.runChild(SpringJUnit4ClassRunner.java:247) [spring-test-4.3.30.RELEASE.jar:4.3.30.RELEASE]
	at org.springframework.test.context.junit4.SpringJUnit4ClassRunner.runChild(SpringJUnit4ClassRunner.java:94) [spring-test-4.3.30.RELEASE.jar:4.3.30.RELEASE]
	at org.junit.runners.ParentRunner$3.run(ParentRunner.java:290) [junit-4.12.jar:4.12]
	at org.junit.runners.ParentRunner$1.schedule(ParentRunner.java:71) [junit-4.12.jar:4.12]
	at org.junit.runners.ParentRunner.runChildren(ParentRunner.java:288) [junit-4.12.jar:4.12]
	at org.junit.runners.ParentRunner.access$000(ParentRunner.java:58) [junit-4.12.jar:4.12]
	at org.junit.runners.ParentRunner$2.evaluate(ParentRunner.java:268) [junit-4.12.jar:4.12]
	at org.springframework.test.context.junit4.statements.RunBeforeTestClassCallbacks.evaluate(RunBeforeTestClassCallbacks.java:61) [spring-test-4.3.30.RELEASE.jar:4.3.30.RELEASE]
	at org.springframework.test.context.junit4.statements.RunAfterTestClassCallbacks.evaluate(RunAfterTestClassCallbacks.java:70) [spring-test-4.3.30.RELEASE.jar:4.3.30.RELEASE]
	at org.junit.runners.ParentRunner.run(ParentRunner.java:363) [junit-4.12.jar:4.12]
	at org.springframework.test.context.junit4.SpringJUnit4ClassRunner.run(SpringJUnit4ClassRunner.java:191) [spring-test-4.3.30.RELEASE.jar:4.3.30.RELEASE]
	at org.apache.maven.surefire.junit4.JUnit4Provider.execute(JUnit4Provider.java:365) [surefire-junit4-2.22.2.jar:2.22.2]
	at org.apache.maven.surefire.junit4.JUnit4Provider.executeWithRerun(JUnit4Provider.java:273) [surefire-junit4-2.22.2.jar:2.22.2]
	at org.apache.maven.surefire.junit4.JUnit4Provider.executeTestSet(JUnit4Provider.java:238) [surefire-junit4-2.22.2.jar:2.22.2]
	at org.apache.maven.surefire.junit4.JUnit4Provider.invoke(JUnit4Provider.java:159) [surefire-junit4-2.22.2.jar:2.22.2]
	at org.apache.maven.surefire.booter.ForkedBooter.invokeProviderInSameClassLoader(ForkedBooter.java:384) [surefire-booter-2.22.2.jar:2.22.2]
	at org.apache.maven.surefire.booter.ForkedBooter.runSuitesInProcess(ForkedBooter.java:345) [surefire-booter-2.22.2.jar:2.22.2]
	at org.apache.maven.surefire.booter.ForkedBooter.execute(ForkedBooter.java:126) [surefire-booter-2.22.2.jar:2.22.2]
	at org.apache.maven.surefire.booter.ForkedBooter.main(ForkedBooter.java:418) [surefire-booter-2.22.2.jar:2.22.2]
Caused by: org.springframework.beans.factory.BeanCreationException: Error creating bean with name 'org.springframework.scheduling.annotation.ProxyAsyncConfiguration': Initialization of bean failed; nested exception is org.springframework.beans.factory.BeanCreationException: Error creating bean with name 'getAsyncExecutor' defined in org.finra.herd.core.config.CoreSpringModuleConfig: Bean instantiation via factory method failed; nested exception is org.springframework.beans.BeanInstantiationException: Failed to instantiate [org.springframework.core.task.TaskExecutor]: Factory method 'getAsyncExecutor' threw exception; nested exception is java.lang.IllegalStateException: configurationValue is required
	at org.springframework.beans.factory.support.AbstractAutowireCapableBeanFactory.doCreateBean(AbstractAutowireCapableBeanFactory.java:562) ~[spring-beans-4.3.30.RELEASE.jar:4.3.30.RELEASE]
	at org.springframework.beans.factory.support.AbstractAutowireCapableBeanFactory.createBean(AbstractAutowireCapableBeanFactory.java:481) ~[spring-beans-4.3.30.RELEASE.jar:4.3.30.RELEASE]
	at org.springframework.beans.factory.support.AbstractBeanFactory$1.getObject(AbstractBeanFactory.java:312) ~[spring-beans-4.3.30.RELEASE.jar:4.3.30.RELEASE]
	at org.springframework.beans.factory.support.DefaultSingletonBeanRegistry.getSingleton(DefaultSingletonBeanRegistry.java:230) ~[spring-beans-4.3.30.RELEASE.jar:4.3.30.RELEASE]
	at org.springframework.beans.factory.support.AbstractBeanFactory.doGetBean(AbstractBeanFactory.java:308) ~[spring-beans-4.3.30.RELEASE.jar:4.3.30.RELEASE]
	at org.springframework.beans.factory.support.AbstractBeanFactory.getBean(AbstractBeanFactory.java:197) ~[spring-beans-4.3.30.RELEASE.jar:4.3.30.RELEASE]
	at org.springframework.beans.factory.support.ConstructorResolver.instantiateUsingFactoryMethod(ConstructorResolver.java:372) ~[spring-beans-4.3.30.RELEASE.jar:4.3.30.RELEASE]
	at org.springframework.beans.factory.support.AbstractAutowireCapableBeanFactory.instantiateUsingFactoryMethod(AbstractAutowireCapableBeanFactory.java:1176) ~[spring-beans-4.3.30.RELEASE.jar:4.3.30.RELEASE]
	at org.springframework.beans.factory.support.AbstractAutowireCapableBeanFactory.createBeanInstance(AbstractAutowireCapableBeanFactory.java:1071) ~[spring-beans-4.3.30.RELEASE.jar:4.3.30.RELEASE]
	at org.springframework.beans.factory.support.AbstractAutowireCapableBeanFactory.doCreateBean(AbstractAutowireCapableBeanFactory.java:511) ~[spring-beans-4.3.30.RELEASE.jar:4.3.30.RELEASE]
	at org.springframework.beans.factory.support.AbstractAutowireCapableBeanFactory.createBean(AbstractAutowireCapableBeanFactory.java:481) ~[spring-beans-4.3.30.RELEASE.jar:4.3.30.RELEASE]
	at org.springframework.beans.factory.support.AbstractBeanFactory$1.getObject(AbstractBeanFactory.java:312) ~[spring-beans-4.3.30.RELEASE.jar:4.3.30.RELEASE]
	at org.springframework.beans.factory.support.DefaultSingletonBeanRegistry.getSingleton(DefaultSingletonBeanRegistry.java:230) ~[spring-beans-4.3.30.RELEASE.jar:4.3.30.RELEASE]
	at org.springframework.beans.factory.support.AbstractBeanFactory.doGetBean(AbstractBeanFactory.java:308) ~[spring-beans-4.3.30.RELEASE.jar:4.3.30.RELEASE]
	at org.springframework.beans.factory.support.AbstractBeanFactory.getBean(AbstractBeanFactory.java:202) ~[spring-beans-4.3.30.RELEASE.jar:4.3.30.RELEASE]
	at org.springframework.context.support.PostProcessorRegistrationDelegate.registerBeanPostProcessors(PostProcessorRegistrationDelegate.java:225) ~[spring-context-4.3.30.RELEASE.jar:4.3.30.RELEASE]
	at org.springframework.context.support.AbstractApplicationContext.registerBeanPostProcessors(AbstractApplicationContext.java:703) ~[spring-context-4.3.30.RELEASE.jar:4.3.30.RELEASE]
	at org.springframework.context.support.AbstractApplicationContext.refresh(AbstractApplicationContext.java:527) ~[spring-context-4.3.30.RELEASE.jar:4.3.30.RELEASE]
	at org.springframework.test.context.support.AbstractGenericContextLoader.loadContext(AbstractGenericContextLoader.java:127) ~[spring-test-4.3.30.RELEASE.jar:4.3.30.RELEASE]
	at org.springframework.test.context.support.AbstractGenericContextLoader.loadContext(AbstractGenericContextLoader.java:60) ~[spring-test-4.3.30.RELEASE.jar:4.3.30.RELEASE]
	at org.springframework.test.context.cache.DefaultCacheAwareContextLoaderDelegate.loadContextInternal(DefaultCacheAwareContextLoaderDelegate.java:98) ~[spring-test-4.3.30.RELEASE.jar:4.3.30.RELEASE]
	at org.springframework.test.context.cache.DefaultCacheAwareContextLoaderDelegate.loadContext(DefaultCacheAwareContextLoaderDelegate.java:116) ~[spring-test-4.3.30.RELEASE.jar:4.3.30.RELEASE]
	... 27 more
Caused by: org.springframework.beans.factory.BeanCreationException: Error creating bean with name 'getAsyncExecutor' defined in org.finra.herd.core.config.CoreSpringModuleConfig: Bean instantiation via factory method failed; nested exception is org.springframework.beans.BeanInstantiationException: Failed to instantiate [org.springframework.core.task.TaskExecutor]: Factory method 'getAsyncExecutor' threw exception; nested exception is java.lang.IllegalStateException: configurationValue is required
	at org.springframework.beans.factory.support.ConstructorResolver.instantiateUsingFactoryMethod(ConstructorResolver.java:599) ~[spring-beans-4.3.30.RELEASE.jar:4.3.30.RELEASE]
	at org.springframework.beans.factory.support.AbstractAutowireCapableBeanFactory.instantiateUsingFactoryMethod(AbstractAutowireCapableBeanFactory.java:1176) ~[spring-beans-4.3.30.RELEASE.jar:4.3.30.RELEASE]
	at org.springframework.beans.factory.support.AbstractAutowireCapableBeanFactory.createBeanInstance(AbstractAutowireCapableBeanFactory.java:1071) ~[spring-beans-4.3.30.RELEASE.jar:4.3.30.RELEASE]
	at org.springframework.beans.factory.support.AbstractAutowireCapableBeanFactory.doCreateBean(AbstractAutowireCapableBeanFactory.java:511) ~[spring-beans-4.3.30.RELEASE.jar:4.3.30.RELEASE]
	at org.springframework.beans.factory.support.AbstractAutowireCapableBeanFactory.createBean(AbstractAutowireCapableBeanFactory.java:481) ~[spring-beans-4.3.30.RELEASE.jar:4.3.30.RELEASE]
	at org.springframework.beans.factory.support.AbstractBeanFactory$1.getObject(AbstractBeanFactory.java:312) ~[spring-beans-4.3.30.RELEASE.jar:4.3.30.RELEASE]
	at org.springframework.beans.factory.support.DefaultSingletonBeanRegistry.getSingleton(DefaultSingletonBeanRegistry.java:230) ~[spring-beans-4.3.30.RELEASE.jar:4.3.30.RELEASE]
	at org.springframework.beans.factory.support.AbstractBeanFactory.doGetBean(AbstractBeanFactory.java:308) ~[spring-beans-4.3.30.RELEASE.jar:4.3.30.RELEASE]
	at org.springframework.beans.factory.support.AbstractBeanFactory.getBean(AbstractBeanFactory.java:197) ~[spring-beans-4.3.30.RELEASE.jar:4.3.30.RELEASE]
	at org.springframework.context.annotation.ConfigurationClassEnhancer$BeanMethodInterceptor.obtainBeanInstanceFromFactory(ConfigurationClassEnhancer.java:389) ~[spring-context-4.3.30.RELEASE.jar:4.3.30.RELEASE]
	at org.springframework.context.annotation.ConfigurationClassEnhancer$BeanMethodInterceptor.intercept(ConfigurationClassEnhancer.java:361) ~[spring-context-4.3.30.RELEASE.jar:4.3.30.RELEASE]
	at org.finra.herd.core.config.CoreSpringModuleConfig$$EnhancerBySpringCGLIB$$ed466ae2.getAsyncExecutor(<generated>) ~[classes/:?]
	at org.springframework.scheduling.annotation.AbstractAsyncConfiguration.setConfigurers(AbstractAsyncConfiguration.java:71) ~[spring-context-4.3.30.RELEASE.jar:4.3.30.RELEASE]
	at sun.reflect.NativeMethodAccessorImpl.invoke0(Native Method) ~[?:1.8.0_482]
	at sun.reflect.NativeMethodAccessorImpl.invoke(NativeMethodAccessorImpl.java:62) ~[?:1.8.0_482]
	at sun.reflect.DelegatingMethodAccessorImpl.invoke(DelegatingMethodAccessorImpl.java:43) ~[?:1.8.0_482]
	at java.lang.reflect.Method.invoke(Method.java:498) ~[?:1.8.0_482]
	at org.springframework.beans.factory.annotation.AutowiredAnnotationBeanPostProcessor$AutowiredMethodElement.inject(AutowiredAnnotationBeanPostProcessor.java:700) ~[spring-beans-4.3.30.RELEASE.jar:4.3.30.RELEASE]
	at org.springframework.beans.factory.annotation.InjectionMetadata.inject(InjectionMetadata.java:87) ~[spring-beans-4.3.30.RELEASE.jar:4.3.30.RELEASE]
	at org.springframework.beans.factory.annotation.AutowiredAnnotationBeanPostProcessor.postProcessPropertyValues(AutowiredAnnotationBeanPostProcessor.java:366) ~[spring-beans-4.3.30.RELEASE.jar:4.3.30.RELEASE]
	at org.springframework.beans.factory.support.AbstractAutowireCapableBeanFactory.populateBean(AbstractAutowireCapableBeanFactory.java:1257) ~[spring-beans-4.3.30.RELEASE.jar:4.3.30.RELEASE]
	at org.springframework.beans.factory.support.AbstractAutowireCapableBeanFactory.doCreateBean(AbstractAutowireCapableBeanFactory.java:551) ~[spring-beans-4.3.30.RELEASE.jar:4.3.30.RELEASE]
	at org.springframework.beans.factory.support.AbstractAutowireCapableBeanFactory.createBean(AbstractAutowireCapableBeanFactory.java:481) ~[spring-beans-4.3.30.RELEASE.jar:4.3.30.RELEASE]
	at org.springframework.beans.factory.support.AbstractBeanFactory$1.getObject(AbstractBeanFactory.java:312) ~[spring-beans-4.3.30.RELEASE.jar:4.3.30.RELEASE]
	at org.springframework.beans.factory.support.DefaultSingletonBeanRegistry.getSingleton(DefaultSingletonBeanRegistry.java:230) ~[spring-beans-4.3.30.RELEASE.jar:4.3.30.RELEASE]
	at org.springframework.beans.factory.support.AbstractBeanFactory.doGetBean(AbstractBeanFactory.java:308) ~[spring-beans-4.3.30.RELEASE.jar:4.3.30.RELEASE]
	at org.springframework.beans.factory.support.AbstractBeanFactory.getBean(AbstractBeanFactory.java:197) ~[spring-beans-4.3.30.RELEASE.jar:4.3.30.RELEASE]
	at org.springframework.beans.factory.support.ConstructorResolver.instantiateUsingFactoryMethod(ConstructorResolver.java:372) ~[spring-beans-4.3.30.RELEASE.jar:4.3.30.RELEASE]
	at org.springframework.beans.factory.support.AbstractAutowireCapableBeanFactory.instantiateUsingFactoryMethod(AbstractAutowireCapableBeanFactory.java:1176) ~[spring-beans-4.3.30.RELEASE.jar:4.3.30.RELEASE]
	at org.springframework.beans.factory.support.AbstractAutowireCapableBeanFactory.createBeanInstance(AbstractAutowireCapableBeanFactory.java:1071) ~[spring-beans-4.3.30.RELEASE.jar:4.3.30.RELEASE]
	at org.springframework.beans.factory.support.AbstractAutowireCapableBeanFactory.doCreateBean(AbstractAutowireCapableBeanFactory.java:511) ~[spring-beans-4.3.30.RELEASE.jar:4.3.30.RELEASE]
	at org.springframework.beans.factory.support.AbstractAutowireCapableBeanFactory.createBean(AbstractAutowireCapableBeanFactory.java:481) ~[spring-beans-4.3.30.RELEASE.jar:4.3.30.RELEASE]
	at org.springframework.beans.factory.support.AbstractBeanFactory$1.getObject(AbstractBeanFactory.java:312) ~[spring-beans-4.3.30.RELEASE.jar:4.3.30.RELEASE]
	at org.springframework.beans.factory.support.DefaultSingletonBeanRegistry.getSingleton(DefaultSingletonBeanRegistry.java:230) ~[spring-beans-4.3.30.RELEASE.jar:4.3.30.RELEASE]
	at org.springframework.beans.factory.support.AbstractBeanFactory.doGetBean(AbstractBeanFactory.java:308) ~[spring-beans-4.3.30.RELEASE.jar:4.3.30.RELEASE]
	at org.springframework.beans.factory.support.AbstractBeanFactory.getBean(AbstractBeanFactory.java:202) ~[spring-beans-4.3.30.RELEASE.jar:4.3.30.RELEASE]
	at org.springframework.context.support.PostProcessorRegistrationDelegate.registerBeanPostProcessors(PostProcessorRegistrationDelegate.java:225) ~[spring-context-4.3.30.RELEASE.jar:4.3.30.RELEASE]
	at org.springframework.context.support.AbstractApplicationContext.registerBeanPostProcessors(AbstractApplicationContext.java:703) ~[spring-context-4.3.30.RELEASE.jar:4.3.30.RELEASE]
	at org.springframework.context.support.AbstractApplicationContext.refresh(AbstractApplicationContext.java:527) ~[spring-context-4.3.30.RELEASE.jar:4.3.30.RELEASE]
	at org.springframework.test.context.support.AbstractGenericContextLoader.loadContext(AbstractGenericContextLoader.java:127) ~[spring-test-4.3.30.RELEASE.jar:4.3.30.RELEASE]
	at org.springframework.test.context.support.AbstractGenericContextLoader.loadContext(AbstractGenericContextLoader.java:60) ~[spring-test-4.3.30.RELEASE.jar:4.3.30.RELEASE]
	at org.springframework.test.context.cache.DefaultCacheAwareContextLoaderDelegate.loadContextInternal(DefaultCacheAwareContextLoaderDelegate.java:98) ~[spring-test-4.3.30.RELEASE.jar:4.3.30.RELEASE]
	at org.springframework.test.context.cache.DefaultCacheAwareContextLoaderDelegate.loadContext(DefaultCacheAwareContextLoaderDelegate.java:116) ~[spring-test-4.3.30.RELEASE.jar:4.3.30.RELEASE]
	... 27 more
Caused by: org.springframework.beans.BeanInstantiationException: Failed to instantiate [org.springframework.core.task.TaskExecutor]: Factory method 'getAsyncExecutor' threw exception; nested exception is java.lang.IllegalStateException: configurationValue is required
	at org.springframework.beans.factory.support.SimpleInstantiationStrategy.instantiate(SimpleInstantiationStrategy.java:189) ~[spring-beans-4.3.30.RELEASE.jar:4.3.30.RELEASE]
	at org.springframework.beans.factory.support.ConstructorResolver.instantiateUsingFactoryMethod(ConstructorResolver.java:588) ~[spring-beans-4.3.30.RELEASE.jar:4.3.30.RELEASE]
	at org.springframework.beans.factory.support.AbstractAutowireCapableBeanFactory.instantiateUsingFactoryMethod(AbstractAutowireCapableBeanFactory.java:1176) ~[spring-beans-4.3.30.RELEASE.jar:4.3.30.RELEASE]
	at org.springframework.beans.factory.support.AbstractAutowireCapableBeanFactory.createBeanInstance(AbstractAutowireCapableBeanFactory.java:1071) ~[spring-beans-4.3.30.RELEASE.jar:4.3.30.RELEASE]
	at org.springframework.beans.factory.support.AbstractAutowireCapableBeanFactory.doCreateBean(AbstractAutowireCapableBeanFactory.java:511) ~[spring-beans-4.3.30.RELEASE.jar:4.3.30.RELEASE]
	at org.springframework.beans.factory.support.AbstractAutowireCapableBeanFactory.createBean(AbstractAutowireCapableBeanFactory.java:481) ~[spring-beans-4.3.30.RELEASE.jar:4.3.30.RELEASE]
	at org.springframework.beans.factory.support.AbstractBeanFactory$1.getObject(AbstractBeanFactory.java:312) ~[spring-beans-4.3.30.RELEASE.jar:4.3.30.RELEASE]
	at org.springframework.beans.factory.support.DefaultSingletonBeanRegistry.getSingleton(DefaultSingletonBeanRegistry.java:230) ~[spring-beans-4.3.30.RELEASE.jar:4.3.30.RELEASE]
	at org.springframework.beans.factory.support.AbstractBeanFactory.doGetBean(AbstractBeanFactory.java:308) ~[spring-beans-4.3.30.RELEASE.jar:4.3.30.RELEASE]
	at org.springframework.beans.factory.support.AbstractBeanFactory.getBean(AbstractBeanFactory.java:197) ~[spring-beans-4.3.30.RELEASE.jar:4.3.30.RELEASE]
	at org.springframework.context.annotation.ConfigurationClassEnhancer$BeanMethodInterceptor.obtainBeanInstanceFromFactory(ConfigurationClassEnhancer.java:389) ~[spring-context-4.3.30.RELEASE.jar:4.3.30.RELEASE]
	at org.springframework.context.annotation.ConfigurationClassEnhancer$BeanMethodInterceptor.intercept(ConfigurationClassEnhancer.java:361) ~[spring-context-4.3.30.RELEASE.jar:4.3.30.RELEASE]
	at org.finra.herd.core.config.CoreSpringModuleConfig$$EnhancerBySpringCGLIB$$ed466ae2.getAsyncExecutor(<generated>) ~[classes/:?]
	at org.springframework.scheduling.annotation.AbstractAsyncConfiguration.setConfigurers(AbstractAsyncConfiguration.java:71) ~[spring-context-4.3.30.RELEASE.jar:4.3.30.RELEASE]
	at sun.reflect.NativeMethodAccessorImpl.invoke0(Native Method) ~[?:1.8.0_482]
	at sun.reflect.NativeMethodAccessorImpl.invoke(NativeMethodAccessorImpl.java:62) ~[?:1.8.0_482]
	at sun.reflect.DelegatingMethodAccessorImpl.invoke(DelegatingMethodAccessorImpl.java:43) ~[?:1.8.0_482]
	at java.lang.reflect.Method.invoke(Method.java:498) ~[?:1.8.0_482]
	at org.springframework.beans.factory.annotation.AutowiredAnnotationBeanPostProcessor$AutowiredMethodElement.inject(AutowiredAnnotationBeanPostProcessor.java:700) ~[spring-beans-4.3.30.RELEASE.jar:4.3.30.RELEASE]
	at org.springframework.beans.factory.annotation.InjectionMetadata.inject(InjectionMetadata.java:87) ~[spring-beans-4.3.30.RELEASE.jar:4.3.30.RELEASE]
	at org.springframework.beans.factory.annotation.AutowiredAnnotationBeanPostProcessor.postProcessPropertyValues(AutowiredAnnotationBeanPostProcessor.java:366) ~[spring-beans-4.3.30.RELEASE.jar:4.3.30.RELEASE]
	at org.springframework.beans.factory.support.AbstractAutowireCapableBeanFactory.populateBean(AbstractAutowireCapableBeanFactory.java:1257) ~[spring-beans-4.3.30.RELEASE.jar:4.3.30.RELEASE]
	at org.springframework.beans.factory.support.AbstractAutowireCapableBeanFactory.doCreateBean(AbstractAutowireCapableBeanFactory.java:551) ~[spring-beans-4.3.30.RELEASE.jar:4.3.30.RELEASE]
	at org.springframework.beans.factory.support.AbstractAutowireCapableBeanFactory.createBean(AbstractAutowireCapableBeanFactory.java:481) ~[spring-beans-4.3.30.RELEASE.jar:4.3.30.RELEASE]
	at org.springframework.beans.factory.support.AbstractBeanFactory$1.getObject(AbstractBeanFactory.java:312) ~[spring-beans-4.3.30.RELEASE.jar:4.3.30.RELEASE]
	at org.springframework.beans.factory.support.DefaultSingletonBeanRegistry.getSingleton(DefaultSingletonBeanRegistry.java:230) ~[spring-beans-4.3.30.RELEASE.jar:4.3.30.RELEASE]
	at org.springframework.beans.factory.support.AbstractBeanFactory.doGetBean(AbstractBeanFactory.java:308) ~[spring-beans-4.3.30.RELEASE.jar:4.3.30.RELEASE]
	at org.springframework.beans.factory.support.AbstractBeanFactory.getBean(AbstractBeanFactory.java:197) ~[spring-beans-4.3.30.RELEASE.jar:4.3.30.RELEASE]
	at org.springframework.beans.factory.support.ConstructorResolver.instantiateUsingFactoryMethod(ConstructorResolver.java:372) ~[spring-beans-4.3.30.RELEASE.jar:4.3.30.RELEASE]
	at org.springframework.beans.factory.support.AbstractAutowireCapableBeanFactory.instantiateUsingFactoryMethod(AbstractAutowireCapableBeanFactory.java:1176) ~[spring-beans-4.3.30.RELEASE.jar:4.3.30.RELEASE]
	at org.springframework.beans.factory.support.AbstractAutowireCapableBeanFactory.createBeanInstance(AbstractAutowireCapableBeanFactory.java:1071) ~[spring-beans-4.3.30.RELEASE.jar:4.3.30.RELEASE]
	at org.springframework.beans.factory.support.AbstractAutowireCapableBeanFactory.doCreateBean(AbstractAutowireCapableBeanFactory.java:511) ~[spring-beans-4.3.30.RELEASE.jar:4.3.30.RELEASE]
	at org.springframework.beans.factory.support.AbstractAutowireCapableBeanFactory.createBean(AbstractAutowireCapableBeanFactory.java:481) ~[spring-beans-4.3.30.RELEASE.jar:4.3.30.RELEASE]
	at org.springframework.beans.factory.support.AbstractBeanFactory$1.getObject(AbstractBeanFactory.java:312) ~[spring-beans-4.3.30.RELEASE.jar:4.3.30.RELEASE]
	at org.springframework.beans.factory.support.DefaultSingletonBeanRegistry.getSingleton(DefaultSingletonBeanRegistry.java:230) ~[spring-beans-4.3.30.RELEASE.jar:4.3.30.RELEASE]
	at org.springframework.beans.factory.support.AbstractBeanFactory.doGetBean(AbstractBeanFactory.java:308) ~[spring-beans-4.3.30.RELEASE.jar:4.3.30.RELEASE]
	at org.springframework.beans.factory.support.AbstractBeanFactory.getBean(AbstractBeanFactory.java:202) ~[spring-beans-4.3.30.RELEASE.jar:4.3.30.RELEASE]
	at org.springframework.context.support.PostProcessorRegistrationDelegate.registerBeanPostProcessors(PostProcessorRegistrationDelegate.java:225) ~[spring-context-4.3.30.RELEASE.jar:4.3.30.RELEASE]
	at org.springframework.context.support.AbstractApplicationContext.registerBeanPostProcessors(AbstractApplicationContext.java:703) ~[spring-context-4.3.30.RELEASE.jar:4.3.30.RELEASE]
	at org.springframework.context.support.AbstractApplicationContext.refresh(AbstractApplicationContext.java:527) ~[spring-context-4.3.30.RELEASE.jar:4.3.30.RELEASE]
	at org.springframework.test.context.support.AbstractGenericContextLoader.loadContext(AbstractGenericContextLoader.java:127) ~[spring-test-4.3.30.RELEASE.jar:4.3.30.RELEASE]
	at org.springframework.test.context.support.AbstractGenericContextLoader.loadContext(AbstractGenericContextLoader.java:60) ~[spring-test-4.3.30.RELEASE.jar:4.3.30.RELEASE]
	at org.springframework.test.context.cache.DefaultCacheAwareContextLoaderDelegate.loadContextInternal(DefaultCacheAwareContextLoaderDelegate.java:98) ~[spring-test-4.3.30.RELEASE.jar:4.3.30.RELEASE]
	at org.springframework.test.context.cache.DefaultCacheAwareContextLoaderDelegate.loadContext(DefaultCacheAwareContextLoaderDelegate.java:116) ~[spring-test-4.3.30.RELEASE.jar:4.3.30.RELEASE]
	... 27 more
Caused by: java.lang.IllegalStateException: configurationValue is required
	at org.finra.herd.core.helper.ConfigurationHelper.getProperty(ConfigurationHelper.java:74) ~[classes/:?]
	at org.finra.herd.core.helper.ConfigurationHelper.getProperty(ConfigurationHelper.java:249) ~[classes/:?]
	at org.finra.herd.core.config.CoreSpringModuleConfig.getAsyncExecutor(CoreSpringModuleConfig.java:128) ~[classes/:?]
	at org.finra.herd.core.config.CoreSpringModuleConfig$$EnhancerBySpringCGLIB$$ed466ae2.CGLIB$getAsyncExecutor$3(<generated>) ~[classes/:?]
	at org.finra.herd.core.config.CoreSpringModuleConfig$$EnhancerBySpringCGLIB$$ed466ae2$$FastClassBySpringCGLIB$$c0b2749a.invoke(<generated>) ~[classes/:?]
	at org.springframework.cglib.proxy.MethodProxy.invokeSuper(MethodProxy.java:228) ~[spring-core-4.3.30.RELEASE.jar:4.3.30.RELEASE]
	at org.springframework.context.annotation.ConfigurationClassEnhancer$BeanMethodInterceptor.intercept(ConfigurationClassEnhancer.java:358) ~[spring-context-4.3.30.RELEASE.jar:4.3.30.RELEASE]
	at org.finra.herd.core.config.CoreSpringModuleConfig$$EnhancerBySpringCGLIB$$ed466ae2.getAsyncExecutor(<generated>) ~[classes/:?]
	at sun.reflect.NativeMethodAccessorImpl.invoke0(Native Method) ~[?:1.8.0_482]
	at sun.reflect.NativeMethodAccessorImpl.invoke(NativeMethodAccessorImpl.java:62) ~[?:1.8.0_482]
	at sun.reflect.DelegatingMethodAccessorImpl.invoke(DelegatingMethodAccessorImpl.java:43) ~[?:1.8.0_482]
	at java.lang.reflect.Method.invoke(Method.java:498) ~[?:1.8.0_482]
	at org.springframework.beans.factory.support.SimpleInstantiationStrategy.instantiate(SimpleInstantiationStrategy.java:162) ~[spring-beans-4.3.30.RELEASE.jar:4.3.30.RELEASE]
	at org.springframework.beans.factory.support.ConstructorResolver.instantiateUsingFactoryMethod(ConstructorResolver.java:588) ~[spring-beans-4.3.30.RELEASE.jar:4.3.30.RELEASE]
	at org.springframework.beans.factory.support.AbstractAutowireCapableBeanFactory.instantiateUsingFactoryMethod(AbstractAutowireCapableBeanFactory.java:1176) ~[spring-beans-4.3.30.RELEASE.jar:4.3.30.RELEASE]
	at org.springframework.beans.factory.support.AbstractAutowireCapableBeanFactory.createBeanInstance(AbstractAutowireCapableBeanFactory.java:1071) ~[spring-beans-4.3.30.RELEASE.jar:4.3.30.RELEASE]
	at org.springframework.beans.factory.support.AbstractAutowireCapableBeanFactory.doCreateBean(AbstractAutowireCapableBeanFactory.java:511) ~[spring-beans-4.3.30.RELEASE.jar:4.3.30.RELEASE]
	at org.springframework.beans.factory.support.AbstractAutowireCapableBeanFactory.createBean(AbstractAutowireCapableBeanFactory.java:481) ~[spring-beans-4.3.30.RELEASE.jar:4.3.30.RELEASE]
	at org.springframework.beans.factory.support.AbstractBeanFactory$1.getObject(AbstractBeanFactory.java:312) ~[spring-beans-4.3.30.RELEASE.jar:4.3.30.RELEASE]
	at org.springframework.beans.factory.support.DefaultSingletonBeanRegistry.getSingleton(DefaultSingletonBeanRegistry.java:230) ~[spring-beans-4.3.30.RELEASE.jar:4.3.30.RELEASE]
	at org.springframework.beans.factory.support.AbstractBeanFactory.doGetBean(AbstractBeanFactory.java:308) ~[spring-beans-4.3.30.RELEASE.jar:4.3.30.RELEASE]
	at org.springframework.beans.factory.support.AbstractBeanFactory.getBean(AbstractBeanFactory.java:197) ~[spring-beans-4.3.30.RELEASE.jar:4.3.30.RELEASE]
	at org.springframework.context.annotation.ConfigurationClassEnhancer$BeanMethodInterceptor.obtainBeanInstanceFromFactory(ConfigurationClassEnhancer.java:389) ~[spring-context-4.3.30.RELEASE.jar:4.3.30.RELEASE]
	at org.springframework.context.annotation.ConfigurationClassEnhancer$BeanMethodInterceptor.intercept(ConfigurationClassEnhancer.java:361) ~[spring-context-4.3.30.RELEASE.jar:4.3.30.RELEASE]
	at org.finra.herd.core.config.CoreSpringModuleConfig$$EnhancerBySpringCGLIB$$ed466ae2.getAsyncExecutor(<generated>) ~[classes/:?]
	at org.springframework.scheduling.annotation.AbstractAsyncConfiguration.setConfigurers(AbstractAsyncConfiguration.java:71) ~[spring-context-4.3.30.RELEASE.jar:4.3.30.RELEASE]
	at sun.reflect.NativeMethodAccessorImpl.invoke0(Native Method) ~[?:1.8.0_482]
	at sun.reflect.NativeMethodAccessorImpl.invoke(NativeMethodAccessorImpl.java:62) ~[?:1.8.0_482]
	at sun.reflect.DelegatingMethodAccessorImpl.invoke(DelegatingMethodAccessorImpl.java:43) ~[?:1.8.0_482]
	at java.lang.reflect.Method.invoke(Method.java:498) ~[?:1.8.0_482]
	at org.springframework.beans.factory.annotation.AutowiredAnnotationBeanPostProcessor$AutowiredMethodElement.inject(AutowiredAnnotationBeanPostProcessor.java:700) ~[spring-beans-4.3.30.RELEASE.jar:4.3.30.RELEASE]
	at org.springframework.beans.factory.annotation.InjectionMetadata.inject(InjectionMetadata.java:87) ~[spring-beans-4.3.30.RELEASE.jar:4.3.30.RELEASE]
	at org.springframework.beans.factory.annotation.AutowiredAnnotationBeanPostProcessor.postProcessPropertyValues(AutowiredAnnotationBeanPostProcessor.java:366) ~[spring-beans-4.3.30.RELEASE.jar:4.3.30.RELEASE]
	at org.springframework.beans.factory.support.AbstractAutowireCapableBeanFactory.populateBean(AbstractAutowireCapableBeanFactory.java:1257) ~[spring-beans-4.3.30.RELEASE.jar:4.3.30.RELEASE]
	at org.springframework.beans.factory.support.AbstractAutowireCapableBeanFactory.doCreateBean(AbstractAutowireCapableBeanFactory.java:551) ~[spring-beans-4.3.30.RELEASE.jar:4.3.30.RELEASE]
	at org.springframework.beans.factory.support.AbstractAutowireCapableBeanFactory.createBean(AbstractAutowireCapableBeanFactory.java:481) ~[spring-beans-4.3.30.RELEASE.jar:4.3.30.RELEASE]
	at org.springframework.beans.factory.support.AbstractBeanFactory$1.getObject(AbstractBeanFactory.java:312) ~[spring-beans-4.3.30.RELEASE.jar:4.3.30.RELEASE]
	at org.springframework.beans.factory.support.DefaultSingletonBeanRegistry.getSingleton(DefaultSingletonBeanRegistry.java:230) ~[spring-beans-4.3.30.RELEASE.jar:4.3.30.RELEASE]
	at org.springframework.beans.factory.support.AbstractBeanFactory.doGetBean(AbstractBeanFactory.java:308) ~[spring-beans-4.3.30.RELEASE.jar:4.3.30.RELEASE]
	at org.springframework.beans.factory.support.AbstractBeanFactory.getBean(AbstractBeanFactory.java:197) ~[spring-beans-4.3.30.RELEASE.jar:4.3.30.RELEASE]
	at org.springframework.beans.factory.support.ConstructorResolver.instantiateUsingFactoryMethod(ConstructorResolver.java:372) ~[spring-beans-4.3.30.RELEASE.jar:4.3.30.RELEASE]
	at org.springframework.beans.factory.support.AbstractAutowireCapableBeanFactory.instantiateUsingFactoryMethod(AbstractAutowireCapableBeanFactory.java:1176) ~[spring-beans-4.3.30.RELEASE.jar:4.3.30.RELEASE]
	at org.springframework.beans.factory.support.AbstractAutowireCapableBeanFactory.createBeanInstance(AbstractAutowireCapableBeanFactory.java:1071) ~[spring-beans-4.3.30.RELEASE.jar:4.3.30.RELEASE]
	at org.springframework.beans.factory.support.AbstractAutowireCapableBeanFactory.doCreateBean(AbstractAutowireCapableBeanFactory.java:511) ~[spring-beans-4.3.30.RELEASE.jar:4.3.30.RELEASE]
	at org.springframework.beans.factory.support.AbstractAutowireCapableBeanFactory.createBean(AbstractAutowireCapableBeanFactory.java:481) ~[spring-beans-4.3.30.RELEASE.jar:4.3.30.RELEASE]
	at org.springframework.beans.factory.support.AbstractBeanFactory$1.getObject(AbstractBeanFactory.java:312) ~[spring-beans-4.3.30.RELEASE.jar:4.3.30.RELEASE]
	at org.springframework.beans.factory.support.DefaultSingletonBeanRegistry.getSingleton(DefaultSingletonBeanRegistry.java:230) ~[spring-beans-4.3.30.RELEASE.jar:4.3.30.RELEASE]
	at org.springframework.beans.factory.support.AbstractBeanFactory.doGetBean(AbstractBeanFactory.java:308) ~[spring-beans-4.3.30.RELEASE.jar:4.3.30.RELEASE]
	at org.springframework.beans.factory.support.AbstractBeanFactory.getBean(AbstractBeanFactory.java:202) ~[spring-beans-4.3.30.RELEASE.jar:4.3.30.RELEASE]
	at org.springframework.context.support.PostProcessorRegistrationDelegate.registerBeanPostProcessors(PostProcessorRegistrationDelegate.java:225) ~[spring-context-4.3.30.RELEASE.jar:4.3.30.RELEASE]
	at org.springframework.context.support.AbstractApplicationContext.registerBeanPostProcessors(AbstractApplicationContext.java:703) ~[spring-context-4.3.30.RELEASE.jar:4.3.30.RELEASE]
	at org.springframework.context.support.AbstractApplicationContext.refresh(AbstractApplicationContext.java:527) ~[spring-context-4.3.30.RELEASE.jar:4.3.30.RELEASE]
	at org.springframework.test.context.support.AbstractGenericContextLoader.loadContext(AbstractGenericContextLoader.java:127) ~[spring-test-4.3.30.RELEASE.jar:4.3.30.RELEASE]
	at org.springframework.test.context.support.AbstractGenericContextLoader.loadContext(AbstractGenericContextLoader.java:60) ~[spring-test-4.3.30.RELEASE.jar:4.3.30.RELEASE]
	at org.springframework.test.context.cache.DefaultCacheAwareContextLoaderDelegate.loadContextInternal(DefaultCacheAwareContextLoaderDelegate.java:98) ~[spring-test-4.3.30.RELEASE.jar:4.3.30.RELEASE]
	at org.springframework.test.context.cache.DefaultCacheAwareContextLoaderDelegate.loadContext(DefaultCacheAwareContextLoaderDelegate.java:116) ~[spring-test-4.3.30.RELEASE.jar:4.3.30.RELEASE]
	... 27 more
[ERROR] Tests run: 1, Failures: 0, Errors: 1, Skipped: 0, Time elapsed: 1.73 s <<< FAILURE! - in org.finra.herd.core.helper.ConfigurationHelperTest
[ERROR] testGetPropertyReturnDefaultWhenValueConversionFails(org.finra.herd.core.helper.ConfigurationHelperTest)  Time elapsed: 0.002 s  <<< ERROR!
java.lang.IllegalStateException: Failed to load ApplicationContext
Caused by: org.springframework.beans.factory.BeanCreationException: Error creating bean with name 'org.springframework.scheduling.annotation.ProxyAsyncConfiguration': Initialization of bean failed; nested exception is org.springframework.beans.factory.BeanCreationException: Error creating bean with name 'getAsyncExecutor' defined in org.finra.herd.core.config.CoreSpringModuleConfig: Bean instantiation via factory method failed; nested exception is org.springframework.beans.BeanInstantiationException: Failed to instantiate [org.springframework.core.task.TaskExecutor]: Factory method 'getAsyncExecutor' threw exception; nested exception is java.lang.IllegalStateException: configurationValue is required
Caused by: org.springframework.beans.factory.BeanCreationException: Error creating bean with name 'getAsyncExecutor' defined in org.finra.herd.core.config.CoreSpringModuleConfig: Bean instantiation via factory method failed; nested exception is org.springframework.beans.BeanInstantiationException: Failed to instantiate [org.springframework.core.task.TaskExecutor]: Factory method 'getAsyncExecutor' threw exception; nested exception is java.lang.IllegalStateException: configurationValue is required
Caused by: org.springframework.beans.BeanInstantiationException: Failed to instantiate [org.springframework.core.task.TaskExecutor]: Factory method 'getAsyncExecutor' threw exception; nested exception is java.lang.IllegalStateException: configurationValue is required
Caused by: java.lang.IllegalStateException: configurationValue is required

[INFO] 
[INFO] Results:
[INFO] 
[ERROR] Errors: 
[ERROR]   ConfigurationHelperTest.testGetPropertyReturnDefaultWhenValueConversionFails » IllegalState
[INFO] 
[ERROR] Tests run: 1, Failures: 0, Errors: 1, Skipped: 0
[INFO] 
[ERROR] There are test failures.

Please refer to C:\Users\osart\ATR_ProjectV2\compiledrepos\worker_dualA\42949039\herd-code\herd-core\target\surefire-reports for the individual test results.
Please refer to dump files (if any exist) [date].dump, [date]-jvmRun[N].dump and [date].dumpstream.
[INFO] 
[INFO] --- jacoco:0.8.7:report (jacoco-site) @ herd-core ---
[INFO] Loading execution data file C:\Users\osart\ATR_ProjectV2\compiledrepos\worker_dualA\42949039\herd-code\herd-core\target\jacoco.exec
[INFO] Analyzed bundle 'herd core' with 1 classes
[INFO] 
[INFO] --- jacoco:0.8.7:report (default-cli) @ herd-core ---
[INFO] Loading execution data file C:\Users\osart\ATR_ProjectV2\compiledrepos\worker_dualA\42949039\herd-code\herd-core\target\jacoco.exec
[INFO] Analyzed bundle 'herd core' with 1 classes
[INFO] ------------------------------------------------------------------------
[INFO] BUILD SUCCESS
[INFO] ------------------------------------------------------------------------
[INFO] Total time:  12.289 s
[INFO] Finished at: 2026-03-16T01:13:24-04:00
[INFO] ------------------------------------------------------------------------

===== MAVEN BASELINE-TEST END returncode=0 =====
[2026-03-16 01:13:24] Finished smoke baseline-test in 15.22s with returncode=0
[2026-03-16 01:13:24] Detected explicit Surefire failure markers despite successful Maven exit code.
[2026-03-16 01:13:24] Baseline failure log captured at C:\Users\osart\ATR_ProjectV2\output\worker_dualA\42949039\latest_failure_log.txt
[2026-03-16 01:13:24] [IterativeHealing] Retry 3 failure signal: java.lang.IllegalStateException: Failed to load ApplicationContext
[2026-03-16 01:13:24] [IterativeHealing] Exhausted retries for ConfigurationHelperTest without baseline success.
[2026-03-16 01:13:25] Smoke execution started. baseline_module_args=['-pl', 'herd-code/herd-core'] pit_module_args=['-pl', 'herd-code/herd-core'] test_classes=-Dtest=ConfigurationHelperTest#testGetPropertyReturnDefaultWhenValueConversionFails target_tests=['org.finra.herd.core.helper.ConfigurationHelperTest'] target_classes=['org.finra.herd.core.helper.ConfigurationHelper'] ast_test_method=testGetPropertyReturnDefaultWhenValueConversionFails ast_focal_method=getProperty excluded_mutation_methods=['getBigDecimalRequiredProperty', 'getBooleanProperty', 'getNonNegativeBigDecimalRequiredProperty', 'getPropertyAsString', 'getRequiredProperty', 'logErrorAndThrowIllegalStateException'] timeout=900s
[2026-03-16 01:13:25] Maven baseline command: mvn.cmd -o -B -pl herd-code/herd-core -Dtest=ConfigurationHelperTest#testGetPropertyReturnDefaultWhenValueConversionFails -Drat.skip=true -DfailIfNoTests=false -Dcheckstyle.skip=true jacoco:prepare-agent test jacoco:report
[2026-03-16 01:13:25] Maven PIT command: mvn.cmd -o -B -pl herd-code/herd-core -DtargetTests=org.finra.herd.core.helper.ConfigurationHelperTest -DtargetClasses=org.finra.herd.core.helper.ConfigurationHelper -DincludedTestMethods=testGetPropertyReturnDefaultWhenValueConversionFails -Dpitest.includedMethods=getProperty -DexcludedMethods=getBigDecimalRequiredProperty,getBooleanProperty,getNonNegativeBigDecimalRequiredProperty,getPropertyAsString,getRequiredProperty,logErrorAndThrowIllegalStateException -DfailWhenNoMutations=false -Dthreads=1 -DtimeoutConstant=120000 -DtimeoutFactor=4.0 -DparseSurefireArgLine=false -Dfeatures=-auto_threads -Drat.skip=true -DfailIfNoTests=false -Dcheckstyle.skip=true org.pitest:pitest-maven:mutationCoverage
[2026-03-16 01:13:25] Starting smoke baseline-test command=mvn.cmd -o -B -pl herd-code/herd-core -Dtest=ConfigurationHelperTest#testGetPropertyReturnDefaultWhenValueConversionFails -Drat.skip=true -DfailIfNoTests=false -Dcheckstyle.skip=true jacoco:prepare-agent test jacoco:report cwd=C:\Users\osart\ATR_ProjectV2\compiledrepos\worker_dualA\42949039

===== MAVEN BASELINE-TEST START =====
[INFO] Scanning for projects...
[INFO] 
[INFO] ----------------------< org.finra.herd:herd-core >----------------------
[INFO] Building herd core 0.176.0-SNAPSHOT
[INFO]   from pom.xml
[INFO] --------------------------------[ jar ]---------------------------------
[INFO] 
[INFO] --- jacoco:0.8.7:prepare-agent (default-cli) @ herd-core ---
[INFO] surefireArgLine set to -javaagent:C:\\Users\\osart\\.m2\\repository\\org\\jacoco\\org.jacoco.agent\\0.8.7\\org.jacoco.agent-0.8.7-runtime.jar=destfile=C:\\Users\\osart\\ATR_ProjectV2\\compiledrepos\\worker_dualA\\42949039\\herd-code\\herd-core\\target\\jacoco.exec,includes=org/finra/herd/core/helper/ConfigurationHelper*,output=file
[INFO] 
[INFO] --- jacoco:0.8.7:prepare-agent (jacoco-initialize) @ herd-core ---
[INFO] surefireArgLine set to -javaagent:C:\\Users\\osart\\.m2\\repository\\org\\jacoco\\org.jacoco.agent\\0.8.7\\org.jacoco.agent-0.8.7-runtime.jar=destfile=C:\\Users\\osart\\ATR_ProjectV2\\compiledrepos\\worker_dualA\\42949039\\herd-code\\herd-core\\target\\jacoco.exec,includes=org/finra/herd/core/helper/ConfigurationHelper*,output=file
[INFO] 
[INFO] --- build-helper:3.0.0:add-source (default) @ herd-core ---
[INFO] Source directory: C:\Users\osart\ATR_ProjectV2\compiledrepos\worker_dualA\42949039\herd-code\herd-core\target\generated-sources added.
[INFO] 
[INFO] --- resources:3.0.2:resources (default-resources) @ herd-core ---
[INFO] Using 'UTF-8' encoding to copy filtered resources.
[INFO] Copying 1 resource
[INFO] Copying 2 resources
[INFO] 
[INFO] --- flatten:1.1.0:flatten (flatten) @ herd-core ---
[INFO] Generating flattened POM of project org.finra.herd:herd-core:jar:0.176.0-SNAPSHOT...
[INFO] 
[INFO] --- compiler:3.7.0:compile (default-compile) @ herd-core ---
[INFO] Nothing to compile - all classes are up to date
[INFO] 
[INFO] --- resources:3.0.2:testResources (default-testResources) @ herd-core ---
[INFO] Using 'UTF-8' encoding to copy filtered resources.
[INFO] Copying 1 resource
[INFO] 
[INFO] --- compiler:3.7.0:testCompile (default-testCompile) @ herd-core ---
[INFO] Nothing to compile - all classes are up to date
[INFO] 
[INFO] --- surefire:2.22.2:test (default-test) @ herd-core ---
[INFO] 
[INFO] -------------------------------------------------------
[INFO]  T E S T S
[INFO] -------------------------------------------------------
[INFO] Running org.finra.herd.core.helper.ConfigurationHelperTest
Mar-16-2026 01:13:35.915 [main] WARN  org.springframework.context.support.GenericApplicationContext.refresh - Exception encountered during context initialization - cancelling refresh attempt: org.springframework.beans.factory.BeanCreationException: Error creating bean with name 'org.springframework.scheduling.annotation.ProxyAsyncConfiguration': Initialization of bean failed; nested exception is org.springframework.beans.factory.BeanCreationException: Error creating bean with name 'getAsyncExecutor' defined in org.finra.herd.core.config.CoreSpringModuleConfig: Bean instantiation via factory method failed; nested exception is org.springframework.beans.BeanInstantiationException: Failed to instantiate [java.util.concurrent.Executor]: Factory method 'getAsyncExecutor' threw exception; nested exception is java.lang.IllegalStateException: configurationValue is required
Mar-16-2026 01:13:35.923 [main] ERROR org.springframework.test.context.TestContextManager.prepareTestInstance - Caught exception while allowing TestExecutionListener [org.springframework.test.context.support.DependencyInjectionTestExecutionListener@79179359] to prepare test instance [org.finra.herd.core.helper.ConfigurationHelperTest@dbd8e44]
java.lang.IllegalStateException: Failed to load ApplicationContext
	at org.springframework.test.context.cache.DefaultCacheAwareContextLoaderDelegate.loadContext(DefaultCacheAwareContextLoaderDelegate.java:124) ~[spring-test-4.3.30.RELEASE.jar:4.3.30.RELEASE]
	at org.springframework.test.context.support.DefaultTestContext.getApplicationContext(DefaultTestContext.java:83) ~[spring-test-4.3.30.RELEASE.jar:4.3.30.RELEASE]
	at org.springframework.test.context.support.DependencyInjectionTestExecutionListener.injectDependencies(DependencyInjectionTestExecutionListener.java:117) ~[spring-test-4.3.30.RELEASE.jar:4.3.30.RELEASE]
	at org.springframework.test.context.support.DependencyInjectionTestExecutionListener.prepareTestInstance(DependencyInjectionTestExecutionListener.java:83) ~[spring-test-4.3.30.RELEASE.jar:4.3.30.RELEASE]
	at org.springframework.test.context.TestContextManager.prepareTestInstance(TestContextManager.java:230) [spring-test-4.3.30.RELEASE.jar:4.3.30.RELEASE]
	at org.springframework.test.context.junit4.SpringJUnit4ClassRunner.createTest(SpringJUnit4ClassRunner.java:228) [spring-test-4.3.30.RELEASE.jar:4.3.30.RELEASE]
	at org.springframework.test.context.junit4.SpringJUnit4ClassRunner$1.runReflectiveCall(SpringJUnit4ClassRunner.java:287) [spring-test-4.3.30.RELEASE.jar:4.3.30.RELEASE]
	at org.junit.internal.runners.model.ReflectiveCallable.run(ReflectiveCallable.java:12) [junit-4.12.jar:4.12]
	at org.springframework.test.context.junit4.SpringJUnit4ClassRunner.methodBlock(SpringJUnit4ClassRunner.java:289) [spring-test-4.3.30.RELEASE.jar:4.3.30.RELEASE]
	at org.springframework.test.context.junit4.SpringJUnit4ClassRunner.runChild(SpringJUnit4ClassRunner.java:247) [spring-test-4.3.30.RELEASE.jar:4.3.30.RELEASE]
	at org.springframework.test.context.junit4.SpringJUnit4ClassRunner.runChild(SpringJUnit4ClassRunner.java:94) [spring-test-4.3.30.RELEASE.jar:4.3.30.RELEASE]
	at org.junit.runners.ParentRunner$3.run(ParentRunner.java:290) [junit-4.12.jar:4.12]
	at org.junit.runners.ParentRunner$1.schedule(ParentRunner.java:71) [junit-4.12.jar:4.12]
	at org.junit.runners.ParentRunner.runChildren(ParentRunner.java:288) [junit-4.12.jar:4.12]
	at org.junit.runners.ParentRunner.access$000(ParentRunner.java:58) [junit-4.12.jar:4.12]
	at org.junit.runners.ParentRunner$2.evaluate(ParentRunner.java:268) [junit-4.12.jar:4.12]
	at org.springframework.test.context.junit4.statements.RunBeforeTestClassCallbacks.evaluate(RunBeforeTestClassCallbacks.java:61) [spring-test-4.3.30.RELEASE.jar:4.3.30.RELEASE]
	at org.springframework.test.context.junit4.statements.RunAfterTestClassCallbacks.evaluate(RunAfterTestClassCallbacks.java:70) [spring-test-4.3.30.RELEASE.jar:4.3.30.RELEASE]
	at org.junit.runners.ParentRunner.run(ParentRunner.java:363) [junit-4.12.jar:4.12]
	at org.springframework.test.context.junit4.SpringJUnit4ClassRunner.run(SpringJUnit4ClassRunner.java:191) [spring-test-4.3.30.RELEASE.jar:4.3.30.RELEASE]
	at org.apache.maven.surefire.junit4.JUnit4Provider.execute(JUnit4Provider.java:365) [surefire-junit4-2.22.2.jar:2.22.2]
	at org.apache.maven.surefire.junit4.JUnit4Provider.executeWithRerun(JUnit4Provider.java:273) [surefire-junit4-2.22.2.jar:2.22.2]
	at org.apache.maven.surefire.junit4.JUnit4Provider.executeTestSet(JUnit4Provider.java:238) [surefire-junit4-2.22.2.jar:2.22.2]
	at org.apache.maven.surefire.junit4.JUnit4Provider.invoke(JUnit4Provider.java:159) [surefire-junit4-2.22.2.jar:2.22.2]
	at org.apache.maven.surefire.booter.ForkedBooter.invokeProviderInSameClassLoader(ForkedBooter.java:384) [surefire-booter-2.22.2.jar:2.22.2]
	at org.apache.maven.surefire.booter.ForkedBooter.runSuitesInProcess(ForkedBooter.java:345) [surefire-booter-2.22.2.jar:2.22.2]
	at org.apache.maven.surefire.booter.ForkedBooter.execute(ForkedBooter.java:126) [surefire-booter-2.22.2.jar:2.22.2]
	at org.apache.maven.surefire.booter.ForkedBooter.main(ForkedBooter.java:418) [surefire-booter-2.22.2.jar:2.22.2]
Caused by: org.springframework.beans.factory.BeanCreationException: Error creating bean with name 'org.springframework.scheduling.annotation.ProxyAsyncConfiguration': Initialization of bean failed; nested exception is org.springframework.beans.factory.BeanCreationException: Error creating bean with name 'getAsyncExecutor' defined in org.finra.herd.core.config.CoreSpringModuleConfig: Bean instantiation via factory method failed; nested exception is org.springframework.beans.BeanInstantiationException: Failed to instantiate [java.util.concurrent.Executor]: Factory method 'getAsyncExecutor' threw exception; nested exception is java.lang.IllegalStateException: configurationValue is required
	at org.springframework.beans.factory.support.AbstractAutowireCapableBeanFactory.doCreateBean(AbstractAutowireCapableBeanFactory.java:562) ~[spring-beans-4.3.30.RELEASE.jar:4.3.30.RELEASE]
	at org.springframework.beans.factory.support.AbstractAutowireCapableBeanFactory.createBean(AbstractAutowireCapableBeanFactory.java:481) ~[spring-beans-4.3.30.RELEASE.jar:4.3.30.RELEASE]
	at org.springframework.beans.factory.support.AbstractBeanFactory$1.getObject(AbstractBeanFactory.java:312) ~[spring-beans-4.3.30.RELEASE.jar:4.3.30.RELEASE]
	at org.springframework.beans.factory.support.DefaultSingletonBeanRegistry.getSingleton(DefaultSingletonBeanRegistry.java:230) ~[spring-beans-4.3.30.RELEASE.jar:4.3.30.RELEASE]
	at org.springframework.beans.factory.support.AbstractBeanFactory.doGetBean(AbstractBeanFactory.java:308) ~[spring-beans-4.3.30.RELEASE.jar:4.3.30.RELEASE]
	at org.springframework.beans.factory.support.AbstractBeanFactory.getBean(AbstractBeanFactory.java:197) ~[spring-beans-4.3.30.RELEASE.jar:4.3.30.RELEASE]
	at org.springframework.beans.factory.support.ConstructorResolver.instantiateUsingFactoryMethod(ConstructorResolver.java:372) ~[spring-beans-4.3.30.RELEASE.jar:4.3.30.RELEASE]
	at org.springframework.beans.factory.support.AbstractAutowireCapableBeanFactory.instantiateUsingFactoryMethod(AbstractAutowireCapableBeanFactory.java:1176) ~[spring-beans-4.3.30.RELEASE.jar:4.3.30.RELEASE]
	at org.springframework.beans.factory.support.AbstractAutowireCapableBeanFactory.createBeanInstance(AbstractAutowireCapableBeanFactory.java:1071) ~[spring-beans-4.3.30.RELEASE.jar:4.3.30.RELEASE]
	at org.springframework.beans.factory.support.AbstractAutowireCapableBeanFactory.doCreateBean(AbstractAutowireCapableBeanFactory.java:511) ~[spring-beans-4.3.30.RELEASE.jar:4.3.30.RELEASE]
	at org.springframework.beans.factory.support.AbstractAutowireCapableBeanFactory.createBean(AbstractAutowireCapableBeanFactory.java:481) ~[spring-beans-4.3.30.RELEASE.jar:4.3.30.RELEASE]
	at org.springframework.beans.factory.support.AbstractBeanFactory$1.getObject(AbstractBeanFactory.java:312) ~[spring-beans-4.3.30.RELEASE.jar:4.3.30.RELEASE]
	at org.springframework.beans.factory.support.DefaultSingletonBeanRegistry.getSingleton(DefaultSingletonBeanRegistry.java:230) ~[spring-beans-4.3.30.RELEASE.jar:4.3.30.RELEASE]
	at org.springframework.beans.factory.support.AbstractBeanFactory.doGetBean(AbstractBeanFactory.java:308) ~[spring-beans-4.3.30.RELEASE.jar:4.3.30.RELEASE]
	at org.springframework.beans.factory.support.AbstractBeanFactory.getBean(AbstractBeanFactory.java:202) ~[spring-beans-4.3.30.RELEASE.jar:4.3.30.RELEASE]
	at org.springframework.context.support.PostProcessorRegistrationDelegate.registerBeanPostProcessors(PostProcessorRegistrationDelegate.java:225) ~[spring-context-4.3.30.RELEASE.jar:4.3.30.RELEASE]
	at org.springframework.context.support.AbstractApplicationContext.registerBeanPostProcessors(AbstractApplicationContext.java:703) ~[spring-context-4.3.30.RELEASE.jar:4.3.30.RELEASE]
	at org.springframework.context.support.AbstractApplicationContext.refresh(AbstractApplicationContext.java:527) ~[spring-context-4.3.30.RELEASE.jar:4.3.30.RELEASE]
	at org.springframework.test.context.support.AbstractGenericContextLoader.loadContext(AbstractGenericContextLoader.java:127) ~[spring-test-4.3.30.RELEASE.jar:4.3.30.RELEASE]
	at org.springframework.test.context.support.AbstractGenericContextLoader.loadContext(AbstractGenericContextLoader.java:60) ~[spring-test-4.3.30.RELEASE.jar:4.3.30.RELEASE]
	at org.springframework.test.context.cache.DefaultCacheAwareContextLoaderDelegate.loadContextInternal(DefaultCacheAwareContextLoaderDelegate.java:98) ~[spring-test-4.3.30.RELEASE.jar:4.3.30.RELEASE]
	at org.springframework.test.context.cache.DefaultCacheAwareContextLoaderDelegate.loadContext(DefaultCacheAwareContextLoaderDelegate.java:116) ~[spring-test-4.3.30.RELEASE.jar:4.3.30.RELEASE]
	... 27 more
Caused by: org.springframework.beans.factory.BeanCreationException: Error creating bean with name 'getAsyncExecutor' defined in org.finra.herd.core.config.CoreSpringModuleConfig: Bean instantiation via factory method failed; nested exception is org.springframework.beans.BeanInstantiationException: Failed to instantiate [java.util.concurrent.Executor]: Factory method 'getAsyncExecutor' threw exception; nested exception is java.lang.IllegalStateException: configurationValue is required
	at org.springframework.beans.factory.support.ConstructorResolver.instantiateUsingFactoryMethod(ConstructorResolver.java:599) ~[spring-beans-4.3.30.RELEASE.jar:4.3.30.RELEASE]
	at org.springframework.beans.factory.support.AbstractAutowireCapableBeanFactory.instantiateUsingFactoryMethod(AbstractAutowireCapableBeanFactory.java:1176) ~[spring-beans-4.3.30.RELEASE.jar:4.3.30.RELEASE]
	at org.springframework.beans.factory.support.AbstractAutowireCapableBeanFactory.createBeanInstance(AbstractAutowireCapableBeanFactory.java:1071) ~[spring-beans-4.3.30.RELEASE.jar:4.3.30.RELEASE]
	at org.springframework.beans.factory.support.AbstractAutowireCapableBeanFactory.doCreateBean(AbstractAutowireCapableBeanFactory.java:511) ~[spring-beans-4.3.30.RELEASE.jar:4.3.30.RELEASE]
	at org.springframework.beans.factory.support.AbstractAutowireCapableBeanFactory.createBean(AbstractAutowireCapableBeanFactory.java:481) ~[spring-beans-4.3.30.RELEASE.jar:4.3.30.RELEASE]
	at org.springframework.beans.factory.support.AbstractBeanFactory$1.getObject(AbstractBeanFactory.java:312) ~[spring-beans-4.3.30.RELEASE.jar:4.3.30.RELEASE]
	at org.springframework.beans.factory.support.DefaultSingletonBeanRegistry.getSingleton(DefaultSingletonBeanRegistry.java:230) ~[spring-beans-4.3.30.RELEASE.jar:4.3.30.RELEASE]
	at org.springframework.beans.factory.support.AbstractBeanFactory.doGetBean(AbstractBeanFactory.java:308) ~[spring-beans-4.3.30.RELEASE.jar:4.3.30.RELEASE]
	at org.springframework.beans.factory.support.AbstractBeanFactory.getBean(AbstractBeanFactory.java:197) ~[spring-beans-4.3.30.RELEASE.jar:4.3.30.RELEASE]
	at org.springframework.context.annotation.ConfigurationClassEnhancer$BeanMethodInterceptor.obtainBeanInstanceFromFactory(ConfigurationClassEnhancer.java:389) ~[spring-context-4.3.30.RELEASE.jar:4.3.30.RELEASE]
	at org.springframework.context.annotation.ConfigurationClassEnhancer$BeanMethodInterceptor.intercept(ConfigurationClassEnhancer.java:361) ~[spring-context-4.3.30.RELEASE.jar:4.3.30.RELEASE]
	at org.finra.herd.core.config.CoreSpringModuleConfig$$EnhancerBySpringCGLIB$$ed466ae2.getAsyncExecutor(<generated>) ~[classes/:?]
	at org.springframework.scheduling.annotation.AbstractAsyncConfiguration.setConfigurers(AbstractAsyncConfiguration.java:71) ~[spring-context-4.3.30.RELEASE.jar:4.3.30.RELEASE]
	at sun.reflect.NativeMethodAccessorImpl.invoke0(Native Method) ~[?:1.8.0_482]
	at sun.reflect.NativeMethodAccessorImpl.invoke(NativeMethodAccessorImpl.java:62) ~[?:1.8.0_482]
	at sun.reflect.DelegatingMethodAccessorImpl.invoke(DelegatingMethodAccessorImpl.java:43) ~[?:1.8.0_482]
	at java.lang.reflect.Method.invoke(Method.java:498) ~[?:1.8.0_482]
	at org.springframework.beans.factory.annotation.AutowiredAnnotationBeanPostProcessor$AutowiredMethodElement.inject(AutowiredAnnotationBeanPostProcessor.java:700) ~[spring-beans-4.3.30.RELEASE.jar:4.3.30.RELEASE]
	at org.springframework.beans.factory.annotation.InjectionMetadata.inject(InjectionMetadata.java:87) ~[spring-beans-4.3.30.RELEASE.jar:4.3.30.RELEASE]
	at org.springframework.beans.factory.annotation.AutowiredAnnotationBeanPostProcessor.postProcessPropertyValues(AutowiredAnnotationBeanPostProcessor.java:366) ~[spring-beans-4.3.30.RELEASE.jar:4.3.30.RELEASE]
	at org.springframework.beans.factory.support.AbstractAutowireCapableBeanFactory.populateBean(AbstractAutowireCapableBeanFactory.java:1257) ~[spring-beans-4.3.30.RELEASE.jar:4.3.30.RELEASE]
	at org.springframework.beans.factory.support.AbstractAutowireCapableBeanFactory.doCreateBean(AbstractAutowireCapableBeanFactory.java:551) ~[spring-beans-4.3.30.RELEASE.jar:4.3.30.RELEASE]
	at org.springframework.beans.factory.support.AbstractAutowireCapableBeanFactory.createBean(AbstractAutowireCapableBeanFactory.java:481) ~[spring-beans-4.3.30.RELEASE.jar:4.3.30.RELEASE]
	at org.springframework.beans.factory.support.AbstractBeanFactory$1.getObject(AbstractBeanFactory.java:312) ~[spring-beans-4.3.30.RELEASE.jar:4.3.30.RELEASE]
	at org.springframework.beans.factory.support.DefaultSingletonBeanRegistry.getSingleton(DefaultSingletonBeanRegistry.java:230) ~[spring-beans-4.3.30.RELEASE.jar:4.3.30.RELEASE]
	at org.springframework.beans.factory.support.AbstractBeanFactory.doGetBean(AbstractBeanFactory.java:308) ~[spring-beans-4.3.30.RELEASE.jar:4.3.30.RELEASE]
	at org.springframework.beans.factory.support.AbstractBeanFactory.getBean(AbstractBeanFactory.java:197) ~[spring-beans-4.3.30.RELEASE.jar:4.3.30.RELEASE]
	at org.springframework.beans.factory.support.ConstructorResolver.instantiateUsingFactoryMethod(ConstructorResolver.java:372) ~[spring-beans-4.3.30.RELEASE.jar:4.3.30.RELEASE]
	at org.springframework.beans.factory.support.AbstractAutowireCapableBeanFactory.instantiateUsingFactoryMethod(AbstractAutowireCapableBeanFactory.java:1176) ~[spring-beans-4.3.30.RELEASE.jar:4.3.30.RELEASE]
	at org.springframework.beans.factory.support.AbstractAutowireCapableBeanFactory.createBeanInstance(AbstractAutowireCapableBeanFactory.java:1071) ~[spring-beans-4.3.30.RELEASE.jar:4.3.30.RELEASE]
	at org.springframework.beans.factory.support.AbstractAutowireCapableBeanFactory.doCreateBean(AbstractAutowireCapableBeanFactory.java:511) ~[spring-beans-4.3.30.RELEASE.jar:4.3.30.RELEASE]
	at org.springframework.beans.factory.support.AbstractAutowireCapableBeanFactory.createBean(AbstractAutowireCapableBeanFactory.java:481) ~[spring-beans-4.3.30.RELEASE.jar:4.3.30.RELEASE]
	at org.springframework.beans.factory.support.AbstractBeanFactory$1.getObject(AbstractBeanFactory.java:312) ~[spring-beans-4.3.30.RELEASE.jar:4.3.30.RELEASE]
	at org.springframework.beans.factory.support.DefaultSingletonBeanRegistry.getSingleton(DefaultSingletonBeanRegistry.java:230) ~[spring-beans-4.3.30.RELEASE.jar:4.3.30.RELEASE]
	at org.springframework.beans.factory.support.AbstractBeanFactory.doGetBean(AbstractBeanFactory.java:308) ~[spring-beans-4.3.30.RELEASE.jar:4.3.30.RELEASE]
	at org.springframework.beans.factory.support.AbstractBeanFactory.getBean(AbstractBeanFactory.java:202) ~[spring-beans-4.3.30.RELEASE.jar:4.3.30.RELEASE]
	at org.springframework.context.support.PostProcessorRegistrationDelegate.registerBeanPostProcessors(PostProcessorRegistrationDelegate.java:225) ~[spring-context-4.3.30.RELEASE.jar:4.3.30.RELEASE]
	at org.springframework.context.support.AbstractApplicationContext.registerBeanPostProcessors(AbstractApplicationContext.java:703) ~[spring-context-4.3.30.RELEASE.jar:4.3.30.RELEASE]
	at org.springframework.context.support.AbstractApplicationContext.refresh(AbstractApplicationContext.java:527) ~[spring-context-4.3.30.RELEASE.jar:4.3.30.RELEASE]
	at org.springframework.test.context.support.AbstractGenericContextLoader.loadContext(AbstractGenericContextLoader.java:127) ~[spring-test-4.3.30.RELEASE.jar:4.3.30.RELEASE]
	at org.springframework.test.context.support.AbstractGenericContextLoader.loadContext(AbstractGenericContextLoader.java:60) ~[spring-test-4.3.30.RELEASE.jar:4.3.30.RELEASE]
	at org.springframework.test.context.cache.DefaultCacheAwareContextLoaderDelegate.loadContextInternal(DefaultCacheAwareContextLoaderDelegate.java:98) ~[spring-test-4.3.30.RELEASE.jar:4.3.30.RELEASE]
	at org.springframework.test.context.cache.DefaultCacheAwareContextLoaderDelegate.loadContext(DefaultCacheAwareContextLoaderDelegate.java:116) ~[spring-test-4.3.30.RELEASE.jar:4.3.30.RELEASE]
	... 27 more
Caused by: org.springframework.beans.BeanInstantiationException: Failed to instantiate [java.util.concurrent.Executor]: Factory method 'getAsyncExecutor' threw exception; nested exception is java.lang.IllegalStateException: configurationValue is required
	at org.springframework.beans.factory.support.SimpleInstantiationStrategy.instantiate(SimpleInstantiationStrategy.java:189) ~[spring-beans-4.3.30.RELEASE.jar:4.3.30.RELEASE]
	at org.springframework.beans.factory.support.ConstructorResolver.instantiateUsingFactoryMethod(ConstructorResolver.java:588) ~[spring-beans-4.3.30.RELEASE.jar:4.3.30.RELEASE]
	at org.springframework.beans.factory.support.AbstractAutowireCapableBeanFactory.instantiateUsingFactoryMethod(AbstractAutowireCapableBeanFactory.java:1176) ~[spring-beans-4.3.30.RELEASE.jar:4.3.30.RELEASE]
	at org.springframework.beans.factory.support.AbstractAutowireCapableBeanFactory.createBeanInstance(AbstractAutowireCapableBeanFactory.java:1071) ~[spring-beans-4.3.30.RELEASE.jar:4.3.30.RELEASE]
	at org.springframework.beans.factory.support.AbstractAutowireCapableBeanFactory.doCreateBean(AbstractAutowireCapableBeanFactory.java:511) ~[spring-beans-4.3.30.RELEASE.jar:4.3.30.RELEASE]
	at org.springframework.beans.factory.support.AbstractAutowireCapableBeanFactory.createBean(AbstractAutowireCapableBeanFactory.java:481) ~[spring-beans-4.3.30.RELEASE.jar:4.3.30.RELEASE]
	at org.springframework.beans.factory.support.AbstractBeanFactory$1.getObject(AbstractBeanFactory.java:312) ~[spring-beans-4.3.30.RELEASE.jar:4.3.30.RELEASE]
	at org.springframework.beans.factory.support.DefaultSingletonBeanRegistry.getSingleton(DefaultSingletonBeanRegistry.java:230) ~[spring-beans-4.3.30.RELEASE.jar:4.3.30.RELEASE]
	at org.springframework.beans.factory.support.AbstractBeanFactory.doGetBean(AbstractBeanFactory.java:308) ~[spring-beans-4.3.30.RELEASE.jar:4.3.30.RELEASE]
	at org.springframework.beans.factory.support.AbstractBeanFactory.getBean(AbstractBeanFactory.java:197) ~[spring-beans-4.3.30.RELEASE.jar:4.3.30.RELEASE]
	at org.springframework.context.annotation.ConfigurationClassEnhancer$BeanMethodInterceptor.obtainBeanInstanceFromFactory(ConfigurationClassEnhancer.java:389) ~[spring-context-4.3.30.RELEASE.jar:4.3.30.RELEASE]
	at org.springframework.context.annotation.ConfigurationClassEnhancer$BeanMethodInterceptor.intercept(ConfigurationClassEnhancer.java:361) ~[spring-context-4.3.30.RELEASE.jar:4.3.30.RELEASE]
	at org.finra.herd.core.config.CoreSpringModuleConfig$$EnhancerBySpringCGLIB$$ed466ae2.getAsyncExecutor(<generated>) ~[classes/:?]
	at org.springframework.scheduling.annotation.AbstractAsyncConfiguration.setConfigurers(AbstractAsyncConfiguration.java:71) ~[spring-context-4.3.30.RELEASE.jar:4.3.30.RELEASE]
	at sun.reflect.NativeMethodAccessorImpl.invoke0(Native Method) ~[?:1.8.0_482]
	at sun.reflect.NativeMethodAccessorImpl.invoke(NativeMethodAccessorImpl.java:62) ~[?:1.8.0_482]
	at sun.reflect.DelegatingMethodAccessorImpl.invoke(DelegatingMethodAccessorImpl.java:43) ~[?:1.8.0_482]
	at java.lang.reflect.Method.invoke(Method.java:498) ~[?:1.8.0_482]
	at org.springframework.beans.factory.annotation.AutowiredAnnotationBeanPostProcessor$AutowiredMethodElement.inject(AutowiredAnnotationBeanPostProcessor.java:700) ~[spring-beans-4.3.30.RELEASE.jar:4.3.30.RELEASE]
	at org.springframework.beans.factory.annotation.InjectionMetadata.inject(InjectionMetadata.java:87) ~[spring-beans-4.3.30.RELEASE.jar:4.3.30.RELEASE]
	at org.springframework.beans.factory.annotation.AutowiredAnnotationBeanPostProcessor.postProcessPropertyValues(AutowiredAnnotationBeanPostProcessor.java:366) ~[spring-beans-4.3.30.RELEASE.jar:4.3.30.RELEASE]
	at org.springframework.beans.factory.support.AbstractAutowireCapableBeanFactory.populateBean(AbstractAutowireCapableBeanFactory.java:1257) ~[spring-beans-4.3.30.RELEASE.jar:4.3.30.RELEASE]
	at org.springframework.beans.factory.support.AbstractAutowireCapableBeanFactory.doCreateBean(AbstractAutowireCapableBeanFactory.java:551) ~[spring-beans-4.3.30.RELEASE.jar:4.3.30.RELEASE]
	at org.springframework.beans.factory.support.AbstractAutowireCapableBeanFactory.createBean(AbstractAutowireCapableBeanFactory.java:481) ~[spring-beans-4.3.30.RELEASE.jar:4.3.30.RELEASE]
	at org.springframework.beans.factory.support.AbstractBeanFactory$1.getObject(AbstractBeanFactory.java:312) ~[spring-beans-4.3.30.RELEASE.jar:4.3.30.RELEASE]
	at org.springframework.beans.factory.support.DefaultSingletonBeanRegistry.getSingleton(DefaultSingletonBeanRegistry.java:230) ~[spring-beans-4.3.30.RELEASE.jar:4.3.30.RELEASE]
	at org.springframework.beans.factory.support.AbstractBeanFactory.doGetBean(AbstractBeanFactory.java:308) ~[spring-beans-4.3.30.RELEASE.jar:4.3.30.RELEASE]
	at org.springframework.beans.factory.support.AbstractBeanFactory.getBean(AbstractBeanFactory.java:197) ~[spring-beans-4.3.30.RELEASE.jar:4.3.30.RELEASE]
	at org.springframework.beans.factory.support.ConstructorResolver.instantiateUsingFactoryMethod(ConstructorResolver.java:372) ~[spring-beans-4.3.30.RELEASE.jar:4.3.30.RELEASE]
	at org.springframework.beans.factory.support.AbstractAutowireCapableBeanFactory.instantiateUsingFactoryMethod(AbstractAutowireCapableBeanFactory.java:1176) ~[spring-beans-4.3.30.RELEASE.jar:4.3.30.RELEASE]
	at org.springframework.beans.factory.support.AbstractAutowireCapableBeanFactory.createBeanInstance(AbstractAutowireCapableBeanFactory.java:1071) ~[spring-beans-4.3.30.RELEASE.jar:4.3.30.RELEASE]
	at org.springframework.beans.factory.support.AbstractAutowireCapableBeanFactory.doCreateBean(AbstractAutowireCapableBeanFactory.java:511) ~[spring-beans-4.3.30.RELEASE.jar:4.3.30.RELEASE]
	at org.springframework.beans.factory.support.AbstractAutowireCapableBeanFactory.createBean(AbstractAutowireCapableBeanFactory.java:481) ~[spring-beans-4.3.30.RELEASE.jar:4.3.30.RELEASE]
	at org.springframework.beans.factory.support.AbstractBeanFactory$1.getObject(AbstractBeanFactory.java:312) ~[spring-beans-4.3.30.RELEASE.jar:4.3.30.RELEASE]
	at org.springframework.beans.factory.support.DefaultSingletonBeanRegistry.getSingleton(DefaultSingletonBeanRegistry.java:230) ~[spring-beans-4.3.30.RELEASE.jar:4.3.30.RELEASE]
	at org.springframework.beans.factory.support.AbstractBeanFactory.doGetBean(AbstractBeanFactory.java:308) ~[spring-beans-4.3.30.RELEASE.jar:4.3.30.RELEASE]
	at org.springframework.beans.factory.support.AbstractBeanFactory.getBean(AbstractBeanFactory.java:202) ~[spring-beans-4.3.30.RELEASE.jar:4.3.30.RELEASE]
	at org.springframework.context.support.PostProcessorRegistrationDelegate.registerBeanPostProcessors(PostProcessorRegistrationDelegate.java:225) ~[spring-context-4.3.30.RELEASE.jar:4.3.30.RELEASE]
	at org.springframework.context.support.AbstractApplicationContext.registerBeanPostProcessors(AbstractApplicationContext.java:703) ~[spring-context-4.3.30.RELEASE.jar:4.3.30.RELEASE]
	at org.springframework.context.support.AbstractApplicationContext.refresh(AbstractApplicationContext.java:527) ~[spring-context-4.3.30.RELEASE.jar:4.3.30.RELEASE]
	at org.springframework.test.context.support.AbstractGenericContextLoader.loadContext(AbstractGenericContextLoader.java:127) ~[spring-test-4.3.30.RELEASE.jar:4.3.30.RELEASE]
	at org.springframework.test.context.support.AbstractGenericContextLoader.loadContext(AbstractGenericContextLoader.java:60) ~[spring-test-4.3.30.RELEASE.jar:4.3.30.RELEASE]
	at org.springframework.test.context.cache.DefaultCacheAwareContextLoaderDelegate.loadContextInternal(DefaultCacheAwareContextLoaderDelegate.java:98) ~[spring-test-4.3.30.RELEASE.jar:4.3.30.RELEASE]
	at org.springframework.test.context.cache.DefaultCacheAwareContextLoaderDelegate.loadContext(DefaultCacheAwareContextLoaderDelegate.java:116) ~[spring-test-4.3.30.RELEASE.jar:4.3.30.RELEASE]
	... 27 more
Caused by: java.lang.IllegalStateException: configurationValue is required
	at org.finra.herd.core.helper.ConfigurationHelper.getProperty(ConfigurationHelper.java:74) ~[classes/:?]
	at org.finra.herd.core.helper.ConfigurationHelper.getProperty(ConfigurationHelper.java:249) ~[classes/:?]
	at org.finra.herd.core.config.CoreSpringModuleConfig.getAsyncExecutor(CoreSpringModuleConfig.java:128) ~[classes/:?]
	at org.finra.herd.core.config.CoreSpringModuleConfig$$EnhancerBySpringCGLIB$$ed466ae2.CGLIB$getAsyncExecutor$2(<generated>) ~[classes/:?]
	at org.finra.herd.core.config.CoreSpringModuleConfig$$EnhancerBySpringCGLIB$$ed466ae2$$FastClassBySpringCGLIB$$c0b2749a.invoke(<generated>) ~[classes/:?]
	at org.springframework.cglib.proxy.MethodProxy.invokeSuper(MethodProxy.java:228) ~[spring-core-4.3.30.RELEASE.jar:4.3.30.RELEASE]
	at org.springframework.context.annotation.ConfigurationClassEnhancer$BeanMethodInterceptor.intercept(ConfigurationClassEnhancer.java:358) ~[spring-context-4.3.30.RELEASE.jar:4.3.30.RELEASE]
	at org.finra.herd.core.config.CoreSpringModuleConfig$$EnhancerBySpringCGLIB$$ed466ae2.getAsyncExecutor(<generated>) ~[classes/:?]
	at org.finra.herd.core.config.CoreSpringModuleConfig.getAsyncExecutor(CoreSpringModuleConfig.java:47) ~[classes/:?]
	at org.finra.herd.core.config.CoreSpringModuleConfig$$EnhancerBySpringCGLIB$$ed466ae2.CGLIB$getAsyncExecutor$1(<generated>) ~[classes/:?]
	at org.finra.herd.core.config.CoreSpringModuleConfig$$EnhancerBySpringCGLIB$$ed466ae2$$FastClassBySpringCGLIB$$c0b2749a.invoke(<generated>) ~[classes/:?]
	at org.springframework.cglib.proxy.MethodProxy.invokeSuper(MethodProxy.java:228) ~[spring-core-4.3.30.RELEASE.jar:4.3.30.RELEASE]
	at org.springframework.context.annotation.ConfigurationClassEnhancer$BeanMethodInterceptor.intercept(ConfigurationClassEnhancer.java:358) ~[spring-context-4.3.30.RELEASE.jar:4.3.30.RELEASE]
	at org.finra.herd.core.config.CoreSpringModuleConfig$$EnhancerBySpringCGLIB$$ed466ae2.getAsyncExecutor(<generated>) ~[classes/:?]
	at sun.reflect.NativeMethodAccessorImpl.invoke0(Native Method) ~[?:1.8.0_482]
	at sun.reflect.NativeMethodAccessorImpl.invoke(NativeMethodAccessorImpl.java:62) ~[?:1.8.0_482]
	at sun.reflect.DelegatingMethodAccessorImpl.invoke(DelegatingMethodAccessorImpl.java:43) ~[?:1.8.0_482]
	at java.lang.reflect.Method.invoke(Method.java:498) ~[?:1.8.0_482]
	at org.springframework.beans.factory.support.SimpleInstantiationStrategy.instantiate(SimpleInstantiationStrategy.java:162) ~[spring-beans-4.3.30.RELEASE.jar:4.3.30.RELEASE]
	at org.springframework.beans.factory.support.ConstructorResolver.instantiateUsingFactoryMethod(ConstructorResolver.java:588) ~[spring-beans-4.3.30.RELEASE.jar:4.3.30.RELEASE]
	at org.springframework.beans.factory.support.AbstractAutowireCapableBeanFactory.instantiateUsingFactoryMethod(AbstractAutowireCapableBeanFactory.java:1176) ~[spring-beans-4.3.30.RELEASE.jar:4.3.30.RELEASE]
	at org.springframework.beans.factory.support.AbstractAutowireCapableBeanFactory.createBeanInstance(AbstractAutowireCapableBeanFactory.java:1071) ~[spring-beans-4.3.30.RELEASE.jar:4.3.30.RELEASE]
	at org.springframework.beans.factory.support.AbstractAutowireCapableBeanFactory.doCreateBean(AbstractAutowireCapableBeanFactory.java:511) ~[spring-beans-4.3.30.RELEASE.jar:4.3.30.RELEASE]
	at org.springframework.beans.factory.support.AbstractAutowireCapableBeanFactory.createBean(AbstractAutowireCapableBeanFactory.java:481) ~[spring-beans-4.3.30.RELEASE.jar:4.3.30.RELEASE]
	at org.springframework.beans.factory.support.AbstractBeanFactory$1.getObject(AbstractBeanFactory.java:312) ~[spring-beans-4.3.30.RELEASE.jar:4.3.30.RELEASE]
	at org.springframework.beans.factory.support.DefaultSingletonBeanRegistry.getSingleton(DefaultSingletonBeanRegistry.java:230) ~[spring-beans-4.3.30.RELEASE.jar:4.3.30.RELEASE]
	at org.springframework.beans.factory.support.AbstractBeanFactory.doGetBean(AbstractBeanFactory.java:308) ~[spring-beans-4.3.30.RELEASE.jar:4.3.30.RELEASE]
	at org.springframework.beans.factory.support.AbstractBeanFactory.getBean(AbstractBeanFactory.java:197) ~[spring-beans-4.3.30.RELEASE.jar:4.3.30.RELEASE]
	at org.springframework.context.annotation.ConfigurationClassEnhancer$BeanMethodInterceptor.obtainBeanInstanceFromFactory(ConfigurationClassEnhancer.java:389) ~[spring-context-4.3.30.RELEASE.jar:4.3.30.RELEASE]
	at org.springframework.context.annotation.ConfigurationClassEnhancer$BeanMethodInterceptor.intercept(ConfigurationClassEnhancer.java:361) ~[spring-context-4.3.30.RELEASE.jar:4.3.30.RELEASE]
	at org.finra.herd.core.config.CoreSpringModuleConfig$$EnhancerBySpringCGLIB$$ed466ae2.getAsyncExecutor(<generated>) ~[classes/:?]
	at org.springframework.scheduling.annotation.AbstractAsyncConfiguration.setConfigurers(AbstractAsyncConfiguration.java:71) ~[spring-context-4.3.30.RELEASE.jar:4.3.30.RELEASE]
	at sun.reflect.NativeMethodAccessorImpl.invoke0(Native Method) ~[?:1.8.0_482]
	at sun.reflect.NativeMethodAccessorImpl.invoke(NativeMethodAccessorImpl.java:62) ~[?:1.8.0_482]
	at sun.reflect.DelegatingMethodAccessorImpl.invoke(DelegatingMethodAccessorImpl.java:43) ~[?:1.8.0_482]
	at java.lang.reflect.Method.invoke(Method.java:498) ~[?:1.8.0_482]
	at org.springframework.beans.factory.annotation.AutowiredAnnotationBeanPostProcessor$AutowiredMethodElement.inject(AutowiredAnnotationBeanPostProcessor.java:700) ~[spring-beans-4.3.30.RELEASE.jar:4.3.30.RELEASE]
	at org.springframework.beans.factory.annotation.InjectionMetadata.inject(InjectionMetadata.java:87) ~[spring-beans-4.3.30.RELEASE.jar:4.3.30.RELEASE]
	at org.springframework.beans.factory.annotation.AutowiredAnnotationBeanPostProcessor.postProcessPropertyValues(AutowiredAnnotationBeanPostProcessor.java:366) ~[spring-beans-4.3.30.RELEASE.jar:4.3.30.RELEASE]
	at org.springframework.beans.factory.support.AbstractAutowireCapableBeanFactory.populateBean(AbstractAutowireCapableBeanFactory.java:1257) ~[spring-beans-4.3.30.RELEASE.jar:4.3.30.RELEASE]
	at org.springframework.beans.factory.support.AbstractAutowireCapableBeanFactory.doCreateBean(AbstractAutowireCapableBeanFactory.java:551) ~[spring-beans-4.3.30.RELEASE.jar:4.3.30.RELEASE]
	at org.springframework.beans.factory.support.AbstractAutowireCapableBeanFactory.createBean(AbstractAutowireCapableBeanFactory.java:481) ~[spring-beans-4.3.30.RELEASE.jar:4.3.30.RELEASE]
	at org.springframework.beans.factory.support.AbstractBeanFactory$1.getObject(AbstractBeanFactory.java:312) ~[spring-beans-4.3.30.RELEASE.jar:4.3.30.RELEASE]
	at org.springframework.beans.factory.support.DefaultSingletonBeanRegistry.getSingleton(DefaultSingletonBeanRegistry.java:230) ~[spring-beans-4.3.30.RELEASE.jar:4.3.30.RELEASE]
	at org.springframework.beans.factory.support.AbstractBeanFactory.doGetBean(AbstractBeanFactory.java:308) ~[spring-beans-4.3.30.RELEASE.jar:4.3.30.RELEASE]
	at org.springframework.beans.factory.support.AbstractBeanFactory.getBean(AbstractBeanFactory.java:197) ~[spring-beans-4.3.30.RELEASE.jar:4.3.30.RELEASE]
	at org.springframework.beans.factory.support.ConstructorResolver.instantiateUsingFactoryMethod(ConstructorResolver.java:372) ~[spring-beans-4.3.30.RELEASE.jar:4.3.30.RELEASE]
	at org.springframework.beans.factory.support.AbstractAutowireCapableBeanFactory.instantiateUsingFactoryMethod(AbstractAutowireCapableBeanFactory.java:1176) ~[spring-beans-4.3.30.RELEASE.jar:4.3.30.RELEASE]
	at org.springframework.beans.factory.support.AbstractAutowireCapableBeanFactory.createBeanInstance(AbstractAutowireCapableBeanFactory.java:1071) ~[spring-beans-4.3.30.RELEASE.jar:4.3.30.RELEASE]
	at org.springframework.beans.factory.support.AbstractAutowireCapableBeanFactory.doCreateBean(AbstractAutowireCapableBeanFactory.java:511) ~[spring-beans-4.3.30.RELEASE.jar:4.3.30.RELEASE]
	at org.springframework.beans.factory.support.AbstractAutowireCapableBeanFactory.createBean(AbstractAutowireCapableBeanFactory.java:481) ~[spring-beans-4.3.30.RELEASE.jar:4.3.30.RELEASE]
	at org.springframework.beans.factory.support.AbstractBeanFactory$1.getObject(AbstractBeanFactory.java:312) ~[spring-beans-4.3.30.RELEASE.jar:4.3.30.RELEASE]
	at org.springframework.beans.factory.support.DefaultSingletonBeanRegistry.getSingleton(DefaultSingletonBeanRegistry.java:230) ~[spring-beans-4.3.30.RELEASE.jar:4.3.30.RELEASE]
	at org.springframework.beans.factory.support.AbstractBeanFactory.doGetBean(AbstractBeanFactory.java:308) ~[spring-beans-4.3.30.RELEASE.jar:4.3.30.RELEASE]
	at org.springframework.beans.factory.support.AbstractBeanFactory.getBean(AbstractBeanFactory.java:202) ~[spring-beans-4.3.30.RELEASE.jar:4.3.30.RELEASE]
	at org.springframework.context.support.PostProcessorRegistrationDelegate.registerBeanPostProcessors(PostProcessorRegistrationDelegate.java:225) ~[spring-context-4.3.30.RELEASE.jar:4.3.30.RELEASE]
	at org.springframework.context.support.AbstractApplicationContext.registerBeanPostProcessors(AbstractApplicationContext.java:703) ~[spring-context-4.3.30.RELEASE.jar:4.3.30.RELEASE]
	at org.springframework.context.support.AbstractApplicationContext.refresh(AbstractApplicationContext.java:527) ~[spring-context-4.3.30.RELEASE.jar:4.3.30.RELEASE]
	at org.springframework.test.context.support.AbstractGenericContextLoader.loadContext(AbstractGenericContextLoader.java:127) ~[spring-test-4.3.30.RELEASE.jar:4.3.30.RELEASE]
	at org.springframework.test.context.support.AbstractGenericContextLoader.loadContext(AbstractGenericContextLoader.java:60) ~[spring-test-4.3.30.RELEASE.jar:4.3.30.RELEASE]
	at org.springframework.test.context.cache.DefaultCacheAwareContextLoaderDelegate.loadContextInternal(DefaultCacheAwareContextLoaderDelegate.java:98) ~[spring-test-4.3.30.RELEASE.jar:4.3.30.RELEASE]
	at org.springframework.test.context.cache.DefaultCacheAwareContextLoaderDelegate.loadContext(DefaultCacheAwareContextLoaderDelegate.java:116) ~[spring-test-4.3.30.RELEASE.jar:4.3.30.RELEASE]
	... 27 more
[ERROR] Tests run: 1, Failures: 0, Errors: 1, Skipped: 0, Time elapsed: 1.589 s <<< FAILURE! - in org.finra.herd.core.helper.ConfigurationHelperTest
[ERROR] testGetPropertyReturnDefaultWhenValueConversionFails(org.finra.herd.core.helper.ConfigurationHelperTest)  Time elapsed: 0.011 s  <<< ERROR!
java.lang.IllegalStateException: Failed to load ApplicationContext
Caused by: org.springframework.beans.factory.BeanCreationException: Error creating bean with name 'org.springframework.scheduling.annotation.ProxyAsyncConfiguration': Initialization of bean failed; nested exception is org.springframework.beans.factory.BeanCreationException: Error creating bean with name 'getAsyncExecutor' defined in org.finra.herd.core.config.CoreSpringModuleConfig: Bean instantiation via factory method failed; nested exception is org.springframework.beans.BeanInstantiationException: Failed to instantiate [java.util.concurrent.Executor]: Factory method 'getAsyncExecutor' threw exception; nested exception is java.lang.IllegalStateException: configurationValue is required
Caused by: org.springframework.beans.factory.BeanCreationException: Error creating bean with name 'getAsyncExecutor' defined in org.finra.herd.core.config.CoreSpringModuleConfig: Bean instantiation via factory method failed; nested exception is org.springframework.beans.BeanInstantiationException: Failed to instantiate [java.util.concurrent.Executor]: Factory method 'getAsyncExecutor' threw exception; nested exception is java.lang.IllegalStateException: configurationValue is required
Caused by: org.springframework.beans.BeanInstantiationException: Failed to instantiate [java.util.concurrent.Executor]: Factory method 'getAsyncExecutor' threw exception; nested exception is java.lang.IllegalStateException: configurationValue is required
Caused by: java.lang.IllegalStateException: configurationValue is required

[INFO] 
[INFO] Results:
[INFO] 
[ERROR] Errors: 
[ERROR]   ConfigurationHelperTest.testGetPropertyReturnDefaultWhenValueConversionFails » IllegalState
[INFO] 
[ERROR] Tests run: 1, Failures: 0, Errors: 1, Skipped: 0
[INFO] 
[ERROR] There are test failures.

Please refer to C:\Users\osart\ATR_ProjectV2\compiledrepos\worker_dualA\42949039\herd-code\herd-core\target\surefire-reports for the individual test results.
Please refer to dump files (if any exist) [date].dump, [date]-jvmRun[N].dump and [date].dumpstream.
[INFO] 
[INFO] --- jacoco:0.8.7:report (jacoco-site) @ herd-core ---
[INFO] Loading execution data file C:\Users\osart\ATR_ProjectV2\compiledrepos\worker_dualA\42949039\herd-code\herd-core\target\jacoco.exec
[INFO] Analyzed bundle 'herd core' with 1 classes
[INFO] 
[INFO] --- jacoco:0.8.7:report (default-cli) @ herd-core ---
[INFO] Loading execution data file C:\Users\osart\ATR_ProjectV2\compiledrepos\worker_dualA\42949039\herd-code\herd-core\target\jacoco.exec
[INFO] Analyzed bundle 'herd core' with 1 classes
[INFO] ------------------------------------------------------------------------
[INFO] BUILD SUCCESS
[INFO] ------------------------------------------------------------------------
[INFO] Total time:  8.764 s
[INFO] Finished at: 2026-03-16T01:13:36-04:00
[INFO] ------------------------------------------------------------------------

===== MAVEN BASELINE-TEST END returncode=0 =====
[2026-03-16 01:13:37] Finished smoke baseline-test in 12.16s with returncode=0
[2026-03-16 01:13:37] Detected explicit Surefire failure markers despite successful Maven exit code.
[2026-03-16 01:13:37] Baseline failure log captured at C:\Users\osart\ATR_ProjectV2\output\worker_dualA\42949039\latest_failure_log.txt
[2026-03-16 01:13:38] Smoke execution started. baseline_module_args=['-pl', 'herd-code/herd-core'] pit_module_args=['-pl', 'herd-code/herd-core'] test_classes=-Dtest=ConfigurationHelperTest#testGetPropertyReturnDefaultWhenValueConversionFails target_tests=['org.finra.herd.core.helper.ConfigurationHelperTest'] target_classes=['org.finra.herd.core.helper.ConfigurationHelper'] ast_test_method=testGetPropertyReturnDefaultWhenValueConversionFails ast_focal_method=getProperty excluded_mutation_methods=['getBigDecimalRequiredProperty', 'getBooleanProperty', 'getNonNegativeBigDecimalRequiredProperty', 'getPropertyAsString', 'getRequiredProperty', 'logErrorAndThrowIllegalStateException'] timeout=900s
[2026-03-16 01:13:38] Maven baseline command: mvn.cmd -o -B -pl herd-code/herd-core -Dtest=ConfigurationHelperTest#testGetPropertyReturnDefaultWhenValueConversionFails -Drat.skip=true -DfailIfNoTests=false -Dcheckstyle.skip=true jacoco:prepare-agent test jacoco:report
[2026-03-16 01:13:38] Maven PIT command: mvn.cmd -o -B -pl herd-code/herd-core -DtargetTests=org.finra.herd.core.helper.ConfigurationHelperTest -DtargetClasses=org.finra.herd.core.helper.ConfigurationHelper -DincludedTestMethods=testGetPropertyReturnDefaultWhenValueConversionFails -Dpitest.includedMethods=getProperty -DexcludedMethods=getBigDecimalRequiredProperty,getBooleanProperty,getNonNegativeBigDecimalRequiredProperty,getPropertyAsString,getRequiredProperty,logErrorAndThrowIllegalStateException -DfailWhenNoMutations=false -Dthreads=1 -DtimeoutConstant=120000 -DtimeoutFactor=4.0 -DparseSurefireArgLine=false -Dfeatures=-auto_threads -Drat.skip=true -DfailIfNoTests=false -Dcheckstyle.skip=true org.pitest:pitest-maven:mutationCoverage
[2026-03-16 01:13:38] Starting smoke baseline-test command=mvn.cmd -o -B -pl herd-code/herd-core -Dtest=ConfigurationHelperTest#testGetPropertyReturnDefaultWhenValueConversionFails -Drat.skip=true -DfailIfNoTests=false -Dcheckstyle.skip=true jacoco:prepare-agent test jacoco:report cwd=C:\Users\osart\ATR_ProjectV2\compiledrepos\worker_dualA\42949039

===== MAVEN BASELINE-TEST START =====
[INFO] Scanning for projects...
[INFO] 
[INFO] ----------------------< org.finra.herd:herd-core >----------------------
[INFO] Building herd core 0.176.0-SNAPSHOT
[INFO]   from pom.xml
[INFO] --------------------------------[ jar ]---------------------------------
[INFO] 
[INFO] --- jacoco:0.8.7:prepare-agent (default-cli) @ herd-core ---
[INFO] surefireArgLine set to -javaagent:C:\\Users\\osart\\.m2\\repository\\org\\jacoco\\org.jacoco.agent\\0.8.7\\org.jacoco.agent-0.8.7-runtime.jar=destfile=C:\\Users\\osart\\ATR_ProjectV2\\compiledrepos\\worker_dualA\\42949039\\herd-code\\herd-core\\target\\jacoco.exec,includes=org/finra/herd/core/helper/ConfigurationHelper*,output=file
[INFO] 
[INFO] --- jacoco:0.8.7:prepare-agent (jacoco-initialize) @ herd-core ---
[INFO] surefireArgLine set to -javaagent:C:\\Users\\osart\\.m2\\repository\\org\\jacoco\\org.jacoco.agent\\0.8.7\\org.jacoco.agent-0.8.7-runtime.jar=destfile=C:\\Users\\osart\\ATR_ProjectV2\\compiledrepos\\worker_dualA\\42949039\\herd-code\\herd-core\\target\\jacoco.exec,includes=org/finra/herd/core/helper/ConfigurationHelper*,output=file
[INFO] 
[INFO] --- build-helper:3.0.0:add-source (default) @ herd-core ---
[INFO] Source directory: C:\Users\osart\ATR_ProjectV2\compiledrepos\worker_dualA\42949039\herd-code\herd-core\target\generated-sources added.
[INFO] 
[INFO] --- resources:3.0.2:resources (default-resources) @ herd-core ---
[INFO] Using 'UTF-8' encoding to copy filtered resources.
[INFO] Copying 1 resource
[INFO] Copying 2 resources
[INFO] 
[INFO] --- flatten:1.1.0:flatten (flatten) @ herd-core ---
[INFO] Generating flattened POM of project org.finra.herd:herd-core:jar:0.176.0-SNAPSHOT...
[INFO] 
[INFO] --- compiler:3.7.0:compile (default-compile) @ herd-core ---
[INFO] Nothing to compile - all classes are up to date
[INFO] 
[INFO] --- resources:3.0.2:testResources (default-testResources) @ herd-core ---
[INFO] Using 'UTF-8' encoding to copy filtered resources.
[INFO] Copying 1 resource
[INFO] 
[INFO] --- compiler:3.7.0:testCompile (default-testCompile) @ herd-core ---
[INFO] Changes detected - recompiling the module!
[INFO] Compiling 18 source files to C:\Users\osart\ATR_ProjectV2\compiledrepos\worker_dualA\42949039\herd-code\herd-core\target\test-classes
[INFO] /C:/Users/osart/ATR_ProjectV2/compiledrepos/worker_dualA/42949039/herd-code/herd-core/src/test/java/org/finra/herd/core/AbstractCoreTest.java: C:\Users\osart\ATR_ProjectV2\compiledrepos\worker_dualA\42949039\herd-code\herd-core\src\test\java\org\finra\herd\core\AbstractCoreTest.java uses or overrides a deprecated API.
[INFO] /C:/Users/osart/ATR_ProjectV2/compiledrepos/worker_dualA/42949039/herd-code/herd-core/src/test/java/org/finra/herd/core/AbstractCoreTest.java: Recompile with -Xlint:deprecation for details.
[INFO] 
[INFO] --- surefire:2.22.2:test (default-test) @ herd-core ---
[INFO] 
[INFO] -------------------------------------------------------
[INFO]  T E S T S
[INFO] -------------------------------------------------------
[INFO] Running org.finra.herd.core.helper.ConfigurationHelperTest
Mar-16-2026 01:13:51.503 [main] WARN  org.springframework.context.support.GenericApplicationContext.refresh - Exception encountered during context initialization - cancelling refresh attempt: org.springframework.beans.factory.BeanCreationException: Error creating bean with name 'org.springframework.scheduling.annotation.ProxyAsyncConfiguration': Initialization of bean failed; nested exception is org.springframework.beans.factory.BeanCreationException: Error creating bean with name 'getAsyncExecutor' defined in org.finra.herd.core.config.CoreSpringModuleConfig: Bean instantiation via factory method failed; nested exception is org.springframework.beans.BeanInstantiationException: Failed to instantiate [java.util.concurrent.Executor]: Factory method 'getAsyncExecutor' threw exception; nested exception is java.lang.IllegalStateException: configurationValue is required
Mar-16-2026 01:13:51.511 [main] ERROR org.springframework.test.context.TestContextManager.prepareTestInstance - Caught exception while allowing TestExecutionListener [org.springframework.test.context.support.DependencyInjectionTestExecutionListener@79517588] to prepare test instance [org.finra.herd.core.helper.ConfigurationHelperTest@3a0baae5]
java.lang.IllegalStateException: Failed to load ApplicationContext
	at org.springframework.test.context.cache.DefaultCacheAwareContextLoaderDelegate.loadContext(DefaultCacheAwareContextLoaderDelegate.java:124) ~[spring-test-4.3.30.RELEASE.jar:4.3.30.RELEASE]
	at org.springframework.test.context.support.DefaultTestContext.getApplicationContext(DefaultTestContext.java:83) ~[spring-test-4.3.30.RELEASE.jar:4.3.30.RELEASE]
	at org.springframework.test.context.support.DependencyInjectionTestExecutionListener.injectDependencies(DependencyInjectionTestExecutionListener.java:117) ~[spring-test-4.3.30.RELEASE.jar:4.3.30.RELEASE]
	at org.springframework.test.context.support.DependencyInjectionTestExecutionListener.prepareTestInstance(DependencyInjectionTestExecutionListener.java:83) ~[spring-test-4.3.30.RELEASE.jar:4.3.30.RELEASE]
	at org.springframework.test.context.TestContextManager.prepareTestInstance(TestContextManager.java:230) [spring-test-4.3.30.RELEASE.jar:4.3.30.RELEASE]
	at org.springframework.test.context.junit4.SpringJUnit4ClassRunner.createTest(SpringJUnit4ClassRunner.java:228) [spring-test-4.3.30.RELEASE.jar:4.3.30.RELEASE]
	at org.springframework.test.context.junit4.SpringJUnit4ClassRunner$1.runReflectiveCall(SpringJUnit4ClassRunner.java:287) [spring-test-4.3.30.RELEASE.jar:4.3.30.RELEASE]
	at org.junit.internal.runners.model.ReflectiveCallable.run(ReflectiveCallable.java:12) [junit-4.12.jar:4.12]
	at org.springframework.test.context.junit4.SpringJUnit4ClassRunner.methodBlock(SpringJUnit4ClassRunner.java:289) [spring-test-4.3.30.RELEASE.jar:4.3.30.RELEASE]
	at org.springframework.test.context.junit4.SpringJUnit4ClassRunner.runChild(SpringJUnit4ClassRunner.java:247) [spring-test-4.3.30.RELEASE.jar:4.3.30.RELEASE]
	at org.springframework.test.context.junit4.SpringJUnit4ClassRunner.runChild(SpringJUnit4ClassRunner.java:94) [spring-test-4.3.30.RELEASE.jar:4.3.30.RELEASE]
	at org.junit.runners.ParentRunner$3.run(ParentRunner.java:290) [junit-4.12.jar:4.12]
	at org.junit.runners.ParentRunner$1.schedule(ParentRunner.java:71) [junit-4.12.jar:4.12]
	at org.junit.runners.ParentRunner.runChildren(ParentRunner.java:288) [junit-4.12.jar:4.12]
	at org.junit.runners.ParentRunner.access$000(ParentRunner.java:58) [junit-4.12.jar:4.12]
	at org.junit.runners.ParentRunner$2.evaluate(ParentRunner.java:268) [junit-4.12.jar:4.12]
	at org.springframework.test.context.junit4.statements.RunBeforeTestClassCallbacks.evaluate(RunBeforeTestClassCallbacks.java:61) [spring-test-4.3.30.RELEASE.jar:4.3.30.RELEASE]
	at org.springframework.test.context.junit4.statements.RunAfterTestClassCallbacks.evaluate(RunAfterTestClassCallbacks.java:70) [spring-test-4.3.30.RELEASE.jar:4.3.30.RELEASE]
	at org.junit.runners.ParentRunner.run(ParentRunner.java:363) [junit-4.12.jar:4.12]
	at org.springframework.test.context.junit4.SpringJUnit4ClassRunner.run(SpringJUnit4ClassRunner.java:191) [spring-test-4.3.30.RELEASE.jar:4.3.30.RELEASE]
	at org.apache.maven.surefire.junit4.JUnit4Provider.execute(JUnit4Provider.java:365) [surefire-junit4-2.22.2.jar:2.22.2]
	at org.apache.maven.surefire.junit4.JUnit4Provider.executeWithRerun(JUnit4Provider.java:273) [surefire-junit4-2.22.2.jar:2.22.2]
	at org.apache.maven.surefire.junit4.JUnit4Provider.executeTestSet(JUnit4Provider.java:238) [surefire-junit4-2.22.2.jar:2.22.2]
	at org.apache.maven.surefire.junit4.JUnit4Provider.invoke(JUnit4Provider.java:159) [surefire-junit4-2.22.2.jar:2.22.2]
	at org.apache.maven.surefire.booter.ForkedBooter.invokeProviderInSameClassLoader(ForkedBooter.java:384) [surefire-booter-2.22.2.jar:2.22.2]
	at org.apache.maven.surefire.booter.ForkedBooter.runSuitesInProcess(ForkedBooter.java:345) [surefire-booter-2.22.2.jar:2.22.2]
	at org.apache.maven.surefire.booter.ForkedBooter.execute(ForkedBooter.java:126) [surefire-booter-2.22.2.jar:2.22.2]
	at org.apache.maven.surefire.booter.ForkedBooter.main(ForkedBooter.java:418) [surefire-booter-2.22.2.jar:2.22.2]
Caused by: org.springframework.beans.factory.BeanCreationException: Error creating bean with name 'org.springframework.scheduling.annotation.ProxyAsyncConfiguration': Initialization of bean failed; nested exception is org.springframework.beans.factory.BeanCreationException: Error creating bean with name 'getAsyncExecutor' defined in org.finra.herd.core.config.CoreSpringModuleConfig: Bean instantiation via factory method failed; nested exception is org.springframework.beans.BeanInstantiationException: Failed to instantiate [java.util.concurrent.Executor]: Factory method 'getAsyncExecutor' threw exception; nested exception is java.lang.IllegalStateException: configurationValue is required
	at org.springframework.beans.factory.support.AbstractAutowireCapableBeanFactory.doCreateBean(AbstractAutowireCapableBeanFactory.java:562) ~[spring-beans-4.3.30.RELEASE.jar:4.3.30.RELEASE]
	at org.springframework.beans.factory.support.AbstractAutowireCapableBeanFactory.createBean(AbstractAutowireCapableBeanFactory.java:481) ~[spring-beans-4.3.30.RELEASE.jar:4.3.30.RELEASE]
	at org.springframework.beans.factory.support.AbstractBeanFactory$1.getObject(AbstractBeanFactory.java:312) ~[spring-beans-4.3.30.RELEASE.jar:4.3.30.RELEASE]
	at org.springframework.beans.factory.support.DefaultSingletonBeanRegistry.getSingleton(DefaultSingletonBeanRegistry.java:230) ~[spring-beans-4.3.30.RELEASE.jar:4.3.30.RELEASE]
	at org.springframework.beans.factory.support.AbstractBeanFactory.doGetBean(AbstractBeanFactory.java:308) ~[spring-beans-4.3.30.RELEASE.jar:4.3.30.RELEASE]
	at org.springframework.beans.factory.support.AbstractBeanFactory.getBean(AbstractBeanFactory.java:197) ~[spring-beans-4.3.30.RELEASE.jar:4.3.30.RELEASE]
	at org.springframework.beans.factory.support.ConstructorResolver.instantiateUsingFactoryMethod(ConstructorResolver.java:372) ~[spring-beans-4.3.30.RELEASE.jar:4.3.30.RELEASE]
	at org.springframework.beans.factory.support.AbstractAutowireCapableBeanFactory.instantiateUsingFactoryMethod(AbstractAutowireCapableBeanFactory.java:1176) ~[spring-beans-4.3.30.RELEASE.jar:4.3.30.RELEASE]
	at org.springframework.beans.factory.support.AbstractAutowireCapableBeanFactory.createBeanInstance(AbstractAutowireCapableBeanFactory.java:1071) ~[spring-beans-4.3.30.RELEASE.jar:4.3.30.RELEASE]
	at org.springframework.beans.factory.support.AbstractAutowireCapableBeanFactory.doCreateBean(AbstractAutowireCapableBeanFactory.java:511) ~[spring-beans-4.3.30.RELEASE.jar:4.3.30.RELEASE]
	at org.springframework.beans.factory.support.AbstractAutowireCapableBeanFactory.createBean(AbstractAutowireCapableBeanFactory.java:481) ~[spring-beans-4.3.30.RELEASE.jar:4.3.30.RELEASE]
	at org.springframework.beans.factory.support.AbstractBeanFactory$1.getObject(AbstractBeanFactory.java:312) ~[spring-beans-4.3.30.RELEASE.jar:4.3.30.RELEASE]
	at org.springframework.beans.factory.support.DefaultSingletonBeanRegistry.getSingleton(DefaultSingletonBeanRegistry.java:230) ~[spring-beans-4.3.30.RELEASE.jar:4.3.30.RELEASE]
	at org.springframework.beans.factory.support.AbstractBeanFactory.doGetBean(AbstractBeanFactory.java:308) ~[spring-beans-4.3.30.RELEASE.jar:4.3.30.RELEASE]
	at org.springframework.beans.factory.support.AbstractBeanFactory.getBean(AbstractBeanFactory.java:202) ~[spring-beans-4.3.30.RELEASE.jar:4.3.30.RELEASE]
	at org.springframework.context.support.PostProcessorRegistrationDelegate.registerBeanPostProcessors(PostProcessorRegistrationDelegate.java:225) ~[spring-context-4.3.30.RELEASE.jar:4.3.30.RELEASE]
	at org.springframework.context.support.AbstractApplicationContext.registerBeanPostProcessors(AbstractApplicationContext.java:703) ~[spring-context-4.3.30.RELEASE.jar:4.3.30.RELEASE]
	at org.springframework.context.support.AbstractApplicationContext.refresh(AbstractApplicationContext.java:527) ~[spring-context-4.3.30.RELEASE.jar:4.3.30.RELEASE]
	at org.springframework.test.context.support.AbstractGenericContextLoader.loadContext(AbstractGenericContextLoader.java:127) ~[spring-test-4.3.30.RELEASE.jar:4.3.30.RELEASE]
	at org.springframework.test.context.support.AbstractGenericContextLoader.loadContext(AbstractGenericContextLoader.java:60) ~[spring-test-4.3.30.RELEASE.jar:4.3.30.RELEASE]
	at org.springframework.test.context.cache.DefaultCacheAwareContextLoaderDelegate.loadContextInternal(DefaultCacheAwareContextLoaderDelegate.java:98) ~[spring-test-4.3.30.RELEASE.jar:4.3.30.RELEASE]
	at org.springframework.test.context.cache.DefaultCacheAwareContextLoaderDelegate.loadContext(DefaultCacheAwareContextLoaderDelegate.java:116) ~[spring-test-4.3.30.RELEASE.jar:4.3.30.RELEASE]
	... 27 more
Caused by: org.springframework.beans.factory.BeanCreationException: Error creating bean with name 'getAsyncExecutor' defined in org.finra.herd.core.config.CoreSpringModuleConfig: Bean instantiation via factory method failed; nested exception is org.springframework.beans.BeanInstantiationException: Failed to instantiate [java.util.concurrent.Executor]: Factory method 'getAsyncExecutor' threw exception; nested exception is java.lang.IllegalStateException: configurationValue is required
	at org.springframework.beans.factory.support.ConstructorResolver.instantiateUsingFactoryMethod(ConstructorResolver.java:599) ~[spring-beans-4.3.30.RELEASE.jar:4.3.30.RELEASE]
	at org.springframework.beans.factory.support.AbstractAutowireCapableBeanFactory.instantiateUsingFactoryMethod(AbstractAutowireCapableBeanFactory.java:1176) ~[spring-beans-4.3.30.RELEASE.jar:4.3.30.RELEASE]
	at org.springframework.beans.factory.support.AbstractAutowireCapableBeanFactory.createBeanInstance(AbstractAutowireCapableBeanFactory.java:1071) ~[spring-beans-4.3.30.RELEASE.jar:4.3.30.RELEASE]
	at org.springframework.beans.factory.support.AbstractAutowireCapableBeanFactory.doCreateBean(AbstractAutowireCapableBeanFactory.java:511) ~[spring-beans-4.3.30.RELEASE.jar:4.3.30.RELEASE]
	at org.springframework.beans.factory.support.AbstractAutowireCapableBeanFactory.createBean(AbstractAutowireCapableBeanFactory.java:481) ~[spring-beans-4.3.30.RELEASE.jar:4.3.30.RELEASE]
	at org.springframework.beans.factory.support.AbstractBeanFactory$1.getObject(AbstractBeanFactory.java:312) ~[spring-beans-4.3.30.RELEASE.jar:4.3.30.RELEASE]
	at org.springframework.beans.factory.support.DefaultSingletonBeanRegistry.getSingleton(DefaultSingletonBeanRegistry.java:230) ~[spring-beans-4.3.30.RELEASE.jar:4.3.30.RELEASE]
	at org.springframework.beans.factory.support.AbstractBeanFactory.doGetBean(AbstractBeanFactory.java:308) ~[spring-beans-4.3.30.RELEASE.jar:4.3.30.RELEASE]
	at org.springframework.beans.factory.support.AbstractBeanFactory.getBean(AbstractBeanFactory.java:197) ~[spring-beans-4.3.30.RELEASE.jar:4.3.30.RELEASE]
	at org.springframework.context.annotation.ConfigurationClassEnhancer$BeanMethodInterceptor.obtainBeanInstanceFromFactory(ConfigurationClassEnhancer.java:389) ~[spring-context-4.3.30.RELEASE.jar:4.3.30.RELEASE]
	at org.springframework.context.annotation.ConfigurationClassEnhancer$BeanMethodInterceptor.intercept(ConfigurationClassEnhancer.java:361) ~[spring-context-4.3.30.RELEASE.jar:4.3.30.RELEASE]
	at org.finra.herd.core.config.CoreSpringModuleConfig$$EnhancerBySpringCGLIB$$2d31069b.getAsyncExecutor(<generated>) ~[classes/:?]
	at org.springframework.scheduling.annotation.AbstractAsyncConfiguration.setConfigurers(AbstractAsyncConfiguration.java:71) ~[spring-context-4.3.30.RELEASE.jar:4.3.30.RELEASE]
	at sun.reflect.NativeMethodAccessorImpl.invoke0(Native Method) ~[?:1.8.0_482]
	at sun.reflect.NativeMethodAccessorImpl.invoke(NativeMethodAccessorImpl.java:62) ~[?:1.8.0_482]
	at sun.reflect.DelegatingMethodAccessorImpl.invoke(DelegatingMethodAccessorImpl.java:43) ~[?:1.8.0_482]
	at java.lang.reflect.Method.invoke(Method.java:498) ~[?:1.8.0_482]
	at org.springframework.beans.factory.annotation.AutowiredAnnotationBeanPostProcessor$AutowiredMethodElement.inject(AutowiredAnnotationBeanPostProcessor.java:700) ~[spring-beans-4.3.30.RELEASE.jar:4.3.30.RELEASE]
	at org.springframework.beans.factory.annotation.InjectionMetadata.inject(InjectionMetadata.java:87) ~[spring-beans-4.3.30.RELEASE.jar:4.3.30.RELEASE]
	at org.springframework.beans.factory.annotation.AutowiredAnnotationBeanPostProcessor.postProcessPropertyValues(AutowiredAnnotationBeanPostProcessor.java:366) ~[spring-beans-4.3.30.RELEASE.jar:4.3.30.RELEASE]
	at org.springframework.beans.factory.support.AbstractAutowireCapableBeanFactory.populateBean(AbstractAutowireCapableBeanFactory.java:1257) ~[spring-beans-4.3.30.RELEASE.jar:4.3.30.RELEASE]
	at org.springframework.beans.factory.support.AbstractAutowireCapableBeanFactory.doCreateBean(AbstractAutowireCapableBeanFactory.java:551) ~[spring-beans-4.3.30.RELEASE.jar:4.3.30.RELEASE]
	at org.springframework.beans.factory.support.AbstractAutowireCapableBeanFactory.createBean(AbstractAutowireCapableBeanFactory.java:481) ~[spring-beans-4.3.30.RELEASE.jar:4.3.30.RELEASE]
	at org.springframework.beans.factory.support.AbstractBeanFactory$1.getObject(AbstractBeanFactory.java:312) ~[spring-beans-4.3.30.RELEASE.jar:4.3.30.RELEASE]
	at org.springframework.beans.factory.support.DefaultSingletonBeanRegistry.getSingleton(DefaultSingletonBeanRegistry.java:230) ~[spring-beans-4.3.30.RELEASE.jar:4.3.30.RELEASE]
	at org.springframework.beans.factory.support.AbstractBeanFactory.doGetBean(AbstractBeanFactory.java:308) ~[spring-beans-4.3.30.RELEASE.jar:4.3.30.RELEASE]
	at org.springframework.beans.factory.support.AbstractBeanFactory.getBean(AbstractBeanFactory.java:197) ~[spring-beans-4.3.30.RELEASE.jar:4.3.30.RELEASE]
	at org.springframework.beans.factory.support.ConstructorResolver.instantiateUsingFactoryMethod(ConstructorResolver.java:372) ~[spring-beans-4.3.30.RELEASE.jar:4.3.30.RELEASE]
	at org.springframework.beans.factory.support.AbstractAutowireCapableBeanFactory.instantiateUsingFactoryMethod(AbstractAutowireCapableBeanFactory.java:1176) ~[spring-beans-4.3.30.RELEASE.jar:4.3.30.RELEASE]
	at org.springframework.beans.factory.support.AbstractAutowireCapableBeanFactory.createBeanInstance(AbstractAutowireCapableBeanFactory.java:1071) ~[spring-beans-4.3.30.RELEASE.jar:4.3.30.RELEASE]
	at org.springframework.beans.factory.support.AbstractAutowireCapableBeanFactory.doCreateBean(AbstractAutowireCapableBeanFactory.java:511) ~[spring-beans-4.3.30.RELEASE.jar:4.3.30.RELEASE]
	at org.springframework.beans.factory.support.AbstractAutowireCapableBeanFactory.createBean(AbstractAutowireCapableBeanFactory.java:481) ~[spring-beans-4.3.30.RELEASE.jar:4.3.30.RELEASE]
	at org.springframework.beans.factory.support.AbstractBeanFactory$1.getObject(AbstractBeanFactory.java:312) ~[spring-beans-4.3.30.RELEASE.jar:4.3.30.RELEASE]
	at org.springframework.beans.factory.support.DefaultSingletonBeanRegistry.getSingleton(DefaultSingletonBeanRegistry.java:230) ~[spring-beans-4.3.30.RELEASE.jar:4.3.30.RELEASE]
	at org.springframework.beans.factory.support.AbstractBeanFactory.doGetBean(AbstractBeanFactory.java:308) ~[spring-beans-4.3.30.RELEASE.jar:4.3.30.RELEASE]
	at org.springframework.beans.factory.support.AbstractBeanFactory.getBean(AbstractBeanFactory.java:202) ~[spring-beans-4.3.30.RELEASE.jar:4.3.30.RELEASE]
	at org.springframework.context.support.PostProcessorRegistrationDelegate.registerBeanPostProcessors(PostProcessorRegistrationDelegate.java:225) ~[spring-context-4.3.30.RELEASE.jar:4.3.30.RELEASE]
	at org.springframework.context.support.AbstractApplicationContext.registerBeanPostProcessors(AbstractApplicationContext.java:703) ~[spring-context-4.3.30.RELEASE.jar:4.3.30.RELEASE]
	at org.springframework.context.support.AbstractApplicationContext.refresh(AbstractApplicationContext.java:527) ~[spring-context-4.3.30.RELEASE.jar:4.3.30.RELEASE]
	at org.springframework.test.context.support.AbstractGenericContextLoader.loadContext(AbstractGenericContextLoader.java:127) ~[spring-test-4.3.30.RELEASE.jar:4.3.30.RELEASE]
	at org.springframework.test.context.support.AbstractGenericContextLoader.loadContext(AbstractGenericContextLoader.java:60) ~[spring-test-4.3.30.RELEASE.jar:4.3.30.RELEASE]
	at org.springframework.test.context.cache.DefaultCacheAwareContextLoaderDelegate.loadContextInternal(DefaultCacheAwareContextLoaderDelegate.java:98) ~[spring-test-4.3.30.RELEASE.jar:4.3.30.RELEASE]
	at org.springframework.test.context.cache.DefaultCacheAwareContextLoaderDelegate.loadContext(DefaultCacheAwareContextLoaderDelegate.java:116) ~[spring-test-4.3.30.RELEASE.jar:4.3.30.RELEASE]
	... 27 more
Caused by: org.springframework.beans.BeanInstantiationException: Failed to instantiate [java.util.concurrent.Executor]: Factory method 'getAsyncExecutor' threw exception; nested exception is java.lang.IllegalStateException: configurationValue is required
	at org.springframework.beans.factory.support.SimpleInstantiationStrategy.instantiate(SimpleInstantiationStrategy.java:189) ~[spring-beans-4.3.30.RELEASE.jar:4.3.30.RELEASE]
	at org.springframework.beans.factory.support.ConstructorResolver.instantiateUsingFactoryMethod(ConstructorResolver.java:588) ~[spring-beans-4.3.30.RELEASE.jar:4.3.30.RELEASE]
	at org.springframework.beans.factory.support.AbstractAutowireCapableBeanFactory.instantiateUsingFactoryMethod(AbstractAutowireCapableBeanFactory.java:1176) ~[spring-beans-4.3.30.RELEASE.jar:4.3.30.RELEASE]
	at org.springframework.beans.factory.support.AbstractAutowireCapableBeanFactory.createBeanInstance(AbstractAutowireCapableBeanFactory.java:1071) ~[spring-beans-4.3.30.RELEASE.jar:4.3.30.RELEASE]
	at org.springframework.beans.factory.support.AbstractAutowireCapableBeanFactory.doCreateBean(AbstractAutowireCapableBeanFactory.java:511) ~[spring-beans-4.3.30.RELEASE.jar:4.3.30.RELEASE]
	at org.springframework.beans.factory.support.AbstractAutowireCapableBeanFactory.createBean(AbstractAutowireCapableBeanFactory.java:481) ~[spring-beans-4.3.30.RELEASE.jar:4.3.30.RELEASE]
	at org.springframework.beans.factory.support.AbstractBeanFactory$1.getObject(AbstractBeanFactory.java:312) ~[spring-beans-4.3.30.RELEASE.jar:4.3.30.RELEASE]
	at org.springframework.beans.factory.support.DefaultSingletonBeanRegistry.getSingleton(DefaultSingletonBeanRegistry.java:230) ~[spring-beans-4.3.30.RELEASE.jar:4.3.30.RELEASE]
	at org.springframework.beans.factory.support.AbstractBeanFactory.doGetBean(AbstractBeanFactory.java:308) ~[spring-beans-4.3.30.RELEASE.jar:4.3.30.RELEASE]
	at org.springframework.beans.factory.support.AbstractBeanFactory.getBean(AbstractBeanFactory.java:197) ~[spring-beans-4.3.30.RELEASE.jar:4.3.30.RELEASE]
	at org.springframework.context.annotation.ConfigurationClassEnhancer$BeanMethodInterceptor.obtainBeanInstanceFromFactory(ConfigurationClassEnhancer.java:389) ~[spring-context-4.3.30.RELEASE.jar:4.3.30.RELEASE]
	at org.springframework.context.annotation.ConfigurationClassEnhancer$BeanMethodInterceptor.intercept(ConfigurationClassEnhancer.java:361) ~[spring-context-4.3.30.RELEASE.jar:4.3.30.RELEASE]
	at org.finra.herd.core.config.CoreSpringModuleConfig$$EnhancerBySpringCGLIB$$2d31069b.getAsyncExecutor(<generated>) ~[classes/:?]
	at org.springframework.scheduling.annotation.AbstractAsyncConfiguration.setConfigurers(AbstractAsyncConfiguration.java:71) ~[spring-context-4.3.30.RELEASE.jar:4.3.30.RELEASE]
	at sun.reflect.NativeMethodAccessorImpl.invoke0(Native Method) ~[?:1.8.0_482]
	at sun.reflect.NativeMethodAccessorImpl.invoke(NativeMethodAccessorImpl.java:62) ~[?:1.8.0_482]
	at sun.reflect.DelegatingMethodAccessorImpl.invoke(DelegatingMethodAccessorImpl.java:43) ~[?:1.8.0_482]
	at java.lang.reflect.Method.invoke(Method.java:498) ~[?:1.8.0_482]
	at org.springframework.beans.factory.annotation.AutowiredAnnotationBeanPostProcessor$AutowiredMethodElement.inject(AutowiredAnnotationBeanPostProcessor.java:700) ~[spring-beans-4.3.30.RELEASE.jar:4.3.30.RELEASE]
	at org.springframework.beans.factory.annotation.InjectionMetadata.inject(InjectionMetadata.java:87) ~[spring-beans-4.3.30.RELEASE.jar:4.3.30.RELEASE]
	at org.springframework.beans.factory.annotation.AutowiredAnnotationBeanPostProcessor.postProcessPropertyValues(AutowiredAnnotationBeanPostProcessor.java:366) ~[spring-beans-4.3.30.RELEASE.jar:4.3.30.RELEASE]
	at org.springframework.beans.factory.support.AbstractAutowireCapableBeanFactory.populateBean(AbstractAutowireCapableBeanFactory.java:1257) ~[spring-beans-4.3.30.RELEASE.jar:4.3.30.RELEASE]
	at org.springframework.beans.factory.support.AbstractAutowireCapableBeanFactory.doCreateBean(AbstractAutowireCapableBeanFactory.java:551) ~[spring-beans-4.3.30.RELEASE.jar:4.3.30.RELEASE]
	at org.springframework.beans.factory.support.AbstractAutowireCapableBeanFactory.createBean(AbstractAutowireCapableBeanFactory.java:481) ~[spring-beans-4.3.30.RELEASE.jar:4.3.30.RELEASE]
	at org.springframework.beans.factory.support.AbstractBeanFactory$1.getObject(AbstractBeanFactory.java:312) ~[spring-beans-4.3.30.RELEASE.jar:4.3.30.RELEASE]
	at org.springframework.beans.factory.support.DefaultSingletonBeanRegistry.getSingleton(DefaultSingletonBeanRegistry.java:230) ~[spring-beans-4.3.30.RELEASE.jar:4.3.30.RELEASE]
	at org.springframework.beans.factory.support.AbstractBeanFactory.doGetBean(AbstractBeanFactory.java:308) ~[spring-beans-4.3.30.RELEASE.jar:4.3.30.RELEASE]
	at org.springframework.beans.factory.support.AbstractBeanFactory.getBean(AbstractBeanFactory.java:197) ~[spring-beans-4.3.30.RELEASE.jar:4.3.30.RELEASE]
	at org.springframework.beans.factory.support.ConstructorResolver.instantiateUsingFactoryMethod(ConstructorResolver.java:372) ~[spring-beans-4.3.30.RELEASE.jar:4.3.30.RELEASE]
	at org.springframework.beans.factory.support.AbstractAutowireCapableBeanFactory.instantiateUsingFactoryMethod(AbstractAutowireCapableBeanFactory.java:1176) ~[spring-beans-4.3.30.RELEASE.jar:4.3.30.RELEASE]
	at org.springframework.beans.factory.support.AbstractAutowireCapableBeanFactory.createBeanInstance(AbstractAutowireCapableBeanFactory.java:1071) ~[spring-beans-4.3.30.RELEASE.jar:4.3.30.RELEASE]
	at org.springframework.beans.factory.support.AbstractAutowireCapableBeanFactory.doCreateBean(AbstractAutowireCapableBeanFactory.java:511) ~[spring-beans-4.3.30.RELEASE.jar:4.3.30.RELEASE]
	at org.springframework.beans.factory.support.AbstractAutowireCapableBeanFactory.createBean(AbstractAutowireCapableBeanFactory.java:481) ~[spring-beans-4.3.30.RELEASE.jar:4.3.30.RELEASE]
	at org.springframework.beans.factory.support.AbstractBeanFactory$1.getObject(AbstractBeanFactory.java:312) ~[spring-beans-4.3.30.RELEASE.jar:4.3.30.RELEASE]
	at org.springframework.beans.factory.support.DefaultSingletonBeanRegistry.getSingleton(DefaultSingletonBeanRegistry.java:230) ~[spring-beans-4.3.30.RELEASE.jar:4.3.30.RELEASE]
	at org.springframework.beans.factory.support.AbstractBeanFactory.doGetBean(AbstractBeanFactory.java:308) ~[spring-beans-4.3.30.RELEASE.jar:4.3.30.RELEASE]
	at org.springframework.beans.factory.support.AbstractBeanFactory.getBean(AbstractBeanFactory.java:202) ~[spring-beans-4.3.30.RELEASE.jar:4.3.30.RELEASE]
	at org.springframework.context.support.PostProcessorRegistrationDelegate.registerBeanPostProcessors(PostProcessorRegistrationDelegate.java:225) ~[spring-context-4.3.30.RELEASE.jar:4.3.30.RELEASE]
	at org.springframework.context.support.AbstractApplicationContext.registerBeanPostProcessors(AbstractApplicationContext.java:703) ~[spring-context-4.3.30.RELEASE.jar:4.3.30.RELEASE]
	at org.springframework.context.support.AbstractApplicationContext.refresh(AbstractApplicationContext.java:527) ~[spring-context-4.3.30.RELEASE.jar:4.3.30.RELEASE]
	at org.springframework.test.context.support.AbstractGenericContextLoader.loadContext(AbstractGenericContextLoader.java:127) ~[spring-test-4.3.30.RELEASE.jar:4.3.30.RELEASE]
	at org.springframework.test.context.support.AbstractGenericContextLoader.loadContext(AbstractGenericContextLoader.java:60) ~[spring-test-4.3.30.RELEASE.jar:4.3.30.RELEASE]
	at org.springframework.test.context.cache.DefaultCacheAwareContextLoaderDelegate.loadContextInternal(DefaultCacheAwareContextLoaderDelegate.java:98) ~[spring-test-4.3.30.RELEASE.jar:4.3.30.RELEASE]
	at org.springframework.test.context.cache.DefaultCacheAwareContextLoaderDelegate.loadContext(DefaultCacheAwareContextLoaderDelegate.java:116) ~[spring-test-4.3.30.RELEASE.jar:4.3.30.RELEASE]
	... 27 more
Caused by: java.lang.IllegalStateException: configurationValue is required
	at org.finra.herd.core.helper.ConfigurationHelper.getProperty(ConfigurationHelper.java:74) ~[classes/:?]
	at org.finra.herd.core.helper.ConfigurationHelper.getProperty(ConfigurationHelper.java:249) ~[classes/:?]
	at org.finra.herd.core.config.CoreSpringModuleConfig.getAsyncExecutor(CoreSpringModuleConfig.java:128) ~[classes/:?]
	at org.finra.herd.core.config.CoreSpringModuleConfig$$EnhancerBySpringCGLIB$$2d31069b.CGLIB$getAsyncExecutor$1(<generated>) ~[classes/:?]
	at org.finra.herd.core.config.CoreSpringModuleConfig$$EnhancerBySpringCGLIB$$2d31069b$$FastClassBySpringCGLIB$$cd7d540.invoke(<generated>) ~[classes/:?]
	at org.springframework.cglib.proxy.MethodProxy.invokeSuper(MethodProxy.java:228) ~[spring-core-4.3.30.RELEASE.jar:4.3.30.RELEASE]
	at org.springframework.context.annotation.ConfigurationClassEnhancer$BeanMethodInterceptor.intercept(ConfigurationClassEnhancer.java:358) ~[spring-context-4.3.30.RELEASE.jar:4.3.30.RELEASE]
	at org.finra.herd.core.config.CoreSpringModuleConfig$$EnhancerBySpringCGLIB$$2d31069b.getAsyncExecutor(<generated>) ~[classes/:?]
	at org.finra.herd.core.config.CoreSpringModuleConfig.getAsyncExecutor(CoreSpringModuleConfig.java:47) ~[classes/:?]
	at org.finra.herd.core.config.CoreSpringModuleConfig$$EnhancerBySpringCGLIB$$2d31069b.CGLIB$getAsyncExecutor$0(<generated>) ~[classes/:?]
	at org.finra.herd.core.config.CoreSpringModuleConfig$$EnhancerBySpringCGLIB$$2d31069b$$FastClassBySpringCGLIB$$cd7d540.invoke(<generated>) ~[classes/:?]
	at org.springframework.cglib.proxy.MethodProxy.invokeSuper(MethodProxy.java:228) ~[spring-core-4.3.30.RELEASE.jar:4.3.30.RELEASE]
	at org.springframework.context.annotation.ConfigurationClassEnhancer$BeanMethodInterceptor.intercept(ConfigurationClassEnhancer.java:358) ~[spring-context-4.3.30.RELEASE.jar:4.3.30.RELEASE]
	at org.finra.herd.core.config.CoreSpringModuleConfig$$EnhancerBySpringCGLIB$$2d31069b.getAsyncExecutor(<generated>) ~[classes/:?]
	at sun.reflect.NativeMethodAccessorImpl.invoke0(Native Method) ~[?:1.8.0_482]
	at sun.reflect.NativeMethodAccessorImpl.invoke(NativeMethodAccessorImpl.java:62) ~[?:1.8.0_482]
	at sun.reflect.DelegatingMethodAccessorImpl.invoke(DelegatingMethodAccessorImpl.java:43) ~[?:1.8.0_482]
	at java.lang.reflect.Method.invoke(Method.java:498) ~[?:1.8.0_482]
	at org.springframework.beans.factory.support.SimpleInstantiationStrategy.instantiate(SimpleInstantiationStrategy.java:162) ~[spring-beans-4.3.30.RELEASE.jar:4.3.30.RELEASE]
	at org.springframework.beans.factory.support.ConstructorResolver.instantiateUsingFactoryMethod(ConstructorResolver.java:588) ~[spring-beans-4.3.30.RELEASE.jar:4.3.30.RELEASE]
	at org.springframework.beans.factory.support.AbstractAutowireCapableBeanFactory.instantiateUsingFactoryMethod(AbstractAutowireCapableBeanFactory.java:1176) ~[spring-beans-4.3.30.RELEASE.jar:4.3.30.RELEASE]
	at org.springframework.beans.factory.support.AbstractAutowireCapableBeanFactory.createBeanInstance(AbstractAutowireCapableBeanFactory.java:1071) ~[spring-beans-4.3.30.RELEASE.jar:4.3.30.RELEASE]
	at org.springframework.beans.factory.support.AbstractAutowireCapableBeanFactory.doCreateBean(AbstractAutowireCapableBeanFactory.java:511) ~[spring-beans-4.3.30.RELEASE.jar:4.3.30.RELEASE]
	at org.springframework.beans.factory.support.AbstractAutowireCapableBeanFactory.createBean(AbstractAutowireCapableBeanFactory.java:481) ~[spring-beans-4.3.30.RELEASE.jar:4.3.30.RELEASE]
	at org.springframework.beans.factory.support.AbstractBeanFactory$1.getObject(AbstractBeanFactory.java:312) ~[spring-beans-4.3.30.RELEASE.jar:4.3.30.RELEASE]
	at org.springframework.beans.factory.support.DefaultSingletonBeanRegistry.getSingleton(DefaultSingletonBeanRegistry.java:230) ~[spring-beans-4.3.30.RELEASE.jar:4.3.30.RELEASE]
	at org.springframework.beans.factory.support.AbstractBeanFactory.doGetBean(AbstractBeanFactory.java:308) ~[spring-beans-4.3.30.RELEASE.jar:4.3.30.RELEASE]
	at org.springframework.beans.factory.support.AbstractBeanFactory.getBean(AbstractBeanFactory.java:197) ~[spring-beans-4.3.30.RELEASE.jar:4.3.30.RELEASE]
	at org.springframework.context.annotation.ConfigurationClassEnhancer$BeanMethodInterceptor.obtainBeanInstanceFromFactory(ConfigurationClassEnhancer.java:389) ~[spring-context-4.3.30.RELEASE.jar:4.3.30.RELEASE]
	at org.springframework.context.annotation.ConfigurationClassEnhancer$BeanMethodInterceptor.intercept(ConfigurationClassEnhancer.java:361) ~[spring-context-4.3.30.RELEASE.jar:4.3.30.RELEASE]
	at org.finra.herd.core.config.CoreSpringModuleConfig$$EnhancerBySpringCGLIB$$2d31069b.getAsyncExecutor(<generated>) ~[classes/:?]
	at org.springframework.scheduling.annotation.AbstractAsyncConfiguration.setConfigurers(AbstractAsyncConfiguration.java:71) ~[spring-context-4.3.30.RELEASE.jar:4.3.30.RELEASE]
	at sun.reflect.NativeMethodAccessorImpl.invoke0(Native Method) ~[?:1.8.0_482]
	at sun.reflect.NativeMethodAccessorImpl.invoke(NativeMethodAccessorImpl.java:62) ~[?:1.8.0_482]
	at sun.reflect.DelegatingMethodAccessorImpl.invoke(DelegatingMethodAccessorImpl.java:43) ~[?:1.8.0_482]
	at java.lang.reflect.Method.invoke(Method.java:498) ~[?:1.8.0_482]
	at org.springframework.beans.factory.annotation.AutowiredAnnotationBeanPostProcessor$AutowiredMethodElement.inject(AutowiredAnnotationBeanPostProcessor.java:700) ~[spring-beans-4.3.30.RELEASE.jar:4.3.30.RELEASE]
	at org.springframework.beans.factory.annotation.InjectionMetadata.inject(InjectionMetadata.java:87) ~[spring-beans-4.3.30.RELEASE.jar:4.3.30.RELEASE]
	at org.springframework.beans.factory.annotation.AutowiredAnnotationBeanPostProcessor.postProcessPropertyValues(AutowiredAnnotationBeanPostProcessor.java:366) ~[spring-beans-4.3.30.RELEASE.jar:4.3.30.RELEASE]
	at org.springframework.beans.factory.support.AbstractAutowireCapableBeanFactory.populateBean(AbstractAutowireCapableBeanFactory.java:1257) ~[spring-beans-4.3.30.RELEASE.jar:4.3.30.RELEASE]
	at org.springframework.beans.factory.support.AbstractAutowireCapableBeanFactory.doCreateBean(AbstractAutowireCapableBeanFactory.java:551) ~[spring-beans-4.3.30.RELEASE.jar:4.3.30.RELEASE]
	at org.springframework.beans.factory.support.AbstractAutowireCapableBeanFactory.createBean(AbstractAutowireCapableBeanFactory.java:481) ~[spring-beans-4.3.30.RELEASE.jar:4.3.30.RELEASE]
	at org.springframework.beans.factory.support.AbstractBeanFactory$1.getObject(AbstractBeanFactory.java:312) ~[spring-beans-4.3.30.RELEASE.jar:4.3.30.RELEASE]
	at org.springframework.beans.factory.support.DefaultSingletonBeanRegistry.getSingleton(DefaultSingletonBeanRegistry.java:230) ~[spring-beans-4.3.30.RELEASE.jar:4.3.30.RELEASE]
	at org.springframework.beans.factory.support.AbstractBeanFactory.doGetBean(AbstractBeanFactory.java:308) ~[spring-beans-4.3.30.RELEASE.jar:4.3.30.RELEASE]
	at org.springframework.beans.factory.support.AbstractBeanFactory.getBean(AbstractBeanFactory.java:197) ~[spring-beans-4.3.30.RELEASE.jar:4.3.30.RELEASE]
	at org.springframework.beans.factory.support.ConstructorResolver.instantiateUsingFactoryMethod(ConstructorResolver.java:372) ~[spring-beans-4.3.30.RELEASE.jar:4.3.30.RELEASE]
	at org.springframework.beans.factory.support.AbstractAutowireCapableBeanFactory.instantiateUsingFactoryMethod(AbstractAutowireCapableBeanFactory.java:1176) ~[spring-beans-4.3.30.RELEASE.jar:4.3.30.RELEASE]
	at org.springframework.beans.factory.support.AbstractAutowireCapableBeanFactory.createBeanInstance(AbstractAutowireCapableBeanFactory.java:1071) ~[spring-beans-4.3.30.RELEASE.jar:4.3.30.RELEASE]
	at org.springframework.beans.factory.support.AbstractAutowireCapableBeanFactory.doCreateBean(AbstractAutowireCapableBeanFactory.java:511) ~[spring-beans-4.3.30.RELEASE.jar:4.3.30.RELEASE]
	at org.springframework.beans.factory.support.AbstractAutowireCapableBeanFactory.createBean(AbstractAutowireCapableBeanFactory.java:481) ~[spring-beans-4.3.30.RELEASE.jar:4.3.30.RELEASE]
	at org.springframework.beans.factory.support.AbstractBeanFactory$1.getObject(AbstractBeanFactory.java:312) ~[spring-beans-4.3.30.RELEASE.jar:4.3.30.RELEASE]
	at org.springframework.beans.factory.support.DefaultSingletonBeanRegistry.getSingleton(DefaultSingletonBeanRegistry.java:230) ~[spring-beans-4.3.30.RELEASE.jar:4.3.30.RELEASE]
	at org.springframework.beans.factory.support.AbstractBeanFactory.doGetBean(AbstractBeanFactory.java:308) ~[spring-beans-4.3.30.RELEASE.jar:4.3.30.RELEASE]
	at org.springframework.beans.factory.support.AbstractBeanFactory.getBean(AbstractBeanFactory.java:202) ~[spring-beans-4.3.30.RELEASE.jar:4.3.30.RELEASE]
	at org.springframework.context.support.PostProcessorRegistrationDelegate.registerBeanPostProcessors(PostProcessorRegistrationDelegate.java:225) ~[spring-context-4.3.30.RELEASE.jar:4.3.30.RELEASE]
	at org.springframework.context.support.AbstractApplicationContext.registerBeanPostProcessors(AbstractApplicationContext.java:703) ~[spring-context-4.3.30.RELEASE.jar:4.3.30.RELEASE]
	at org.springframework.context.support.AbstractApplicationContext.refresh(AbstractApplicationContext.java:527) ~[spring-context-4.3.30.RELEASE.jar:4.3.30.RELEASE]
	at org.springframework.test.context.support.AbstractGenericContextLoader.loadContext(AbstractGenericContextLoader.java:127) ~[spring-test-4.3.30.RELEASE.jar:4.3.30.RELEASE]
	at org.springframework.test.context.support.AbstractGenericContextLoader.loadContext(AbstractGenericContextLoader.java:60) ~[spring-test-4.3.30.RELEASE.jar:4.3.30.RELEASE]
	at org.springframework.test.context.cache.DefaultCacheAwareContextLoaderDelegate.loadContextInternal(DefaultCacheAwareContextLoaderDelegate.java:98) ~[spring-test-4.3.30.RELEASE.jar:4.3.30.RELEASE]
	at org.springframework.test.context.cache.DefaultCacheAwareContextLoaderDelegate.loadContext(DefaultCacheAwareContextLoaderDelegate.java:116) ~[spring-test-4.3.30.RELEASE.jar:4.3.30.RELEASE]
	... 27 more
[ERROR] Tests run: 1, Failures: 0, Errors: 1, Skipped: 0, Time elapsed: 1.525 s <<< FAILURE! - in org.finra.herd.core.helper.ConfigurationHelperTest
[ERROR] testGetPropertyReturnDefaultWhenValueConversionFails(org.finra.herd.core.helper.ConfigurationHelperTest)  Time elapsed: 0.002 s  <<< ERROR!
java.lang.IllegalStateException: Failed to load ApplicationContext
Caused by: org.springframework.beans.factory.BeanCreationException: Error creating bean with name 'org.springframework.scheduling.annotation.ProxyAsyncConfiguration': Initialization of bean failed; nested exception is org.springframework.beans.factory.BeanCreationException: Error creating bean with name 'getAsyncExecutor' defined in org.finra.herd.core.config.CoreSpringModuleConfig: Bean instantiation via factory method failed; nested exception is org.springframework.beans.BeanInstantiationException: Failed to instantiate [java.util.concurrent.Executor]: Factory method 'getAsyncExecutor' threw exception; nested exception is java.lang.IllegalStateException: configurationValue is required
Caused by: org.springframework.beans.factory.BeanCreationException: Error creating bean with name 'getAsyncExecutor' defined in org.finra.herd.core.config.CoreSpringModuleConfig: Bean instantiation via factory method failed; nested exception is org.springframework.beans.BeanInstantiationException: Failed to instantiate [java.util.concurrent.Executor]: Factory method 'getAsyncExecutor' threw exception; nested exception is java.lang.IllegalStateException: configurationValue is required
Caused by: org.springframework.beans.BeanInstantiationException: Failed to instantiate [java.util.concurrent.Executor]: Factory method 'getAsyncExecutor' threw exception; nested exception is java.lang.IllegalStateException: configurationValue is required
Caused by: java.lang.IllegalStateException: configurationValue is required

[INFO] 
[INFO] Results:
[INFO] 
[ERROR] Errors: 
[ERROR]   ConfigurationHelperTest.testGetPropertyReturnDefaultWhenValueConversionFails » IllegalState
[INFO] 
[ERROR] Tests run: 1, Failures: 0, Errors: 1, Skipped: 0
[INFO] 
[ERROR] There are test failures.

Please refer to C:\Users\osart\ATR_ProjectV2\compiledrepos\worker_dualA\42949039\herd-code\herd-core\target\surefire-reports for the individual test results.
Please refer to dump files (if any exist) [date].dump, [date]-jvmRun[N].dump and [date].dumpstream.
[INFO] 
[INFO] --- jacoco:0.8.7:report (jacoco-site) @ herd-core ---
[INFO] Loading execution data file C:\Users\osart\ATR_ProjectV2\compiledrepos\worker_dualA\42949039\herd-code\herd-core\target\jacoco.exec
[INFO] Analyzed bundle 'herd core' with 1 classes
[INFO] 
[INFO] --- jacoco:0.8.7:report (default-cli) @ herd-core ---
[INFO] Loading execution data file C:\Users\osart\ATR_ProjectV2\compiledrepos\worker_dualA\42949039\herd-code\herd-core\target\jacoco.exec
[INFO] Analyzed bundle 'herd core' with 1 classes
[INFO] ------------------------------------------------------------------------
[INFO] BUILD SUCCESS
[INFO] ------------------------------------------------------------------------
[INFO] Total time:  11.926 s
[INFO] Finished at: 2026-03-16T01:13:52-04:00
[INFO] ------------------------------------------------------------------------

===== MAVEN BASELINE-TEST END returncode=0 =====
[2026-03-16 01:13:53] Finished smoke baseline-test in 15.21s with returncode=0
[2026-03-16 01:13:53] Detected explicit Surefire failure markers despite successful Maven exit code.
[2026-03-16 01:13:53] Baseline failure log captured at C:\Users\osart\ATR_ProjectV2\output\worker_dualA\42949039\latest_failure_log.txt
[2026-03-16 01:13:53] [RegenerativeSync] Starting primary generation pass for ConfigurationHelperTest on focal ConfigurationHelper.
[2026-03-16 01:17:09] Smoke execution started. baseline_module_args=['-pl', 'herd-code/herd-core'] pit_module_args=['-pl', 'herd-code/herd-core'] test_classes=-Dtest=ConfigurationHelperTest#testGetPropertyReturnDefaultWhenValueConversionFails target_tests=['org.finra.herd.core.helper.ConfigurationHelperTest'] target_classes=['org.finra.herd.core.helper.ConfigurationHelper'] ast_test_method=testGetPropertyReturnDefaultWhenValueConversionFails ast_focal_method=getProperty excluded_mutation_methods=['getBigDecimalRequiredProperty', 'getBooleanProperty', 'getNonNegativeBigDecimalRequiredProperty', 'getPropertyAsString', 'getRequiredProperty', 'logErrorAndThrowIllegalStateException'] timeout=900s
[2026-03-16 01:17:09] Maven baseline command: mvn.cmd -o -B -pl herd-code/herd-core -Dtest=ConfigurationHelperTest#testGetPropertyReturnDefaultWhenValueConversionFails -Drat.skip=true -DfailIfNoTests=false -Dcheckstyle.skip=true jacoco:prepare-agent test jacoco:report
[2026-03-16 01:17:09] Maven PIT command: mvn.cmd -o -B -pl herd-code/herd-core -DtargetTests=org.finra.herd.core.helper.ConfigurationHelperTest -DtargetClasses=org.finra.herd.core.helper.ConfigurationHelper -DincludedTestMethods=testGetPropertyReturnDefaultWhenValueConversionFails -Dpitest.includedMethods=getProperty -DexcludedMethods=getBigDecimalRequiredProperty,getBooleanProperty,getNonNegativeBigDecimalRequiredProperty,getPropertyAsString,getRequiredProperty,logErrorAndThrowIllegalStateException -DfailWhenNoMutations=false -Dthreads=1 -DtimeoutConstant=120000 -DtimeoutFactor=4.0 -DparseSurefireArgLine=false -Dfeatures=-auto_threads -Drat.skip=true -DfailIfNoTests=false -Dcheckstyle.skip=true org.pitest:pitest-maven:mutationCoverage
[2026-03-16 01:17:09] Starting smoke baseline-test command=mvn.cmd -o -B -pl herd-code/herd-core -Dtest=ConfigurationHelperTest#testGetPropertyReturnDefaultWhenValueConversionFails -Drat.skip=true -DfailIfNoTests=false -Dcheckstyle.skip=true jacoco:prepare-agent test jacoco:report cwd=C:\Users\osart\ATR_ProjectV2\compiledrepos\worker_dualA\42949039

===== MAVEN BASELINE-TEST START =====
[INFO] Scanning for projects...
[INFO] 
[INFO] ----------------------< org.finra.herd:herd-core >----------------------
[INFO] Building herd core 0.176.0-SNAPSHOT
[INFO]   from pom.xml
[INFO] --------------------------------[ jar ]---------------------------------
[INFO] 
[INFO] --- jacoco:0.8.7:prepare-agent (default-cli) @ herd-core ---
[INFO] surefireArgLine set to -javaagent:C:\\Users\\osart\\.m2\\repository\\org\\jacoco\\org.jacoco.agent\\0.8.7\\org.jacoco.agent-0.8.7-runtime.jar=destfile=C:\\Users\\osart\\ATR_ProjectV2\\compiledrepos\\worker_dualA\\42949039\\herd-code\\herd-core\\target\\jacoco.exec,includes=org/finra/herd/core/helper/ConfigurationHelper*,output=file
[INFO] 
[INFO] --- jacoco:0.8.7:prepare-agent (jacoco-initialize) @ herd-core ---
[INFO] surefireArgLine set to -javaagent:C:\\Users\\osart\\.m2\\repository\\org\\jacoco\\org.jacoco.agent\\0.8.7\\org.jacoco.agent-0.8.7-runtime.jar=destfile=C:\\Users\\osart\\ATR_ProjectV2\\compiledrepos\\worker_dualA\\42949039\\herd-code\\herd-core\\target\\jacoco.exec,includes=org/finra/herd/core/helper/ConfigurationHelper*,output=file
[INFO] 
[INFO] --- build-helper:3.0.0:add-source (default) @ herd-core ---
[INFO] Source directory: C:\Users\osart\ATR_ProjectV2\compiledrepos\worker_dualA\42949039\herd-code\herd-core\target\generated-sources added.
[INFO] 
[INFO] --- resources:3.0.2:resources (default-resources) @ herd-core ---
[INFO] Using 'UTF-8' encoding to copy filtered resources.
[INFO] Copying 1 resource
[INFO] Copying 2 resources
[INFO] 
[INFO] --- flatten:1.1.0:flatten (flatten) @ herd-core ---
[INFO] Generating flattened POM of project org.finra.herd:herd-core:jar:0.176.0-SNAPSHOT...
[INFO] 
[INFO] --- compiler:3.7.0:compile (default-compile) @ herd-core ---
[INFO] Nothing to compile - all classes are up to date
[INFO] 
[INFO] --- resources:3.0.2:testResources (default-testResources) @ herd-core ---
[INFO] Using 'UTF-8' encoding to copy filtered resources.
[INFO] Copying 1 resource
[INFO] 
[INFO] --- compiler:3.7.0:testCompile (default-testCompile) @ herd-core ---
[INFO] Changes detected - recompiling the module!
[INFO] Compiling 18 source files to C:\Users\osart\ATR_ProjectV2\compiledrepos\worker_dualA\42949039\herd-code\herd-core\target\test-classes
[INFO] /C:/Users/osart/ATR_ProjectV2/compiledrepos/worker_dualA/42949039/herd-code/herd-core/src/test/java/org/finra/herd/core/AbstractCoreTest.java: C:\Users\osart\ATR_ProjectV2\compiledrepos\worker_dualA\42949039\herd-code\herd-core\src\test\java\org\finra\herd\core\AbstractCoreTest.java uses or overrides a deprecated API.
[INFO] /C:/Users/osart/ATR_ProjectV2/compiledrepos/worker_dualA/42949039/herd-code/herd-core/src/test/java/org/finra/herd/core/AbstractCoreTest.java: Recompile with -Xlint:deprecation for details.
[INFO] -------------------------------------------------------------
[ERROR] COMPILATION ERROR : 
[INFO] -------------------------------------------------------------
[ERROR] /C:/Users/osart/ATR_ProjectV2/compiledrepos/worker_dualA/42949039/herd-code/herd-core/src/test/java/org/finra/herd/core/helper/ConfigurationHelperTest.java:[89,71] package org.mockito does not exist
[ERROR] /C:/Users/osart/ATR_ProjectV2/compiledrepos/worker_dualA/42949039/herd-code/herd-core/src/test/java/org/finra/herd/core/helper/ConfigurationHelperTest.java:[95,16] package org.mockito does not exist
[ERROR] /C:/Users/osart/ATR_ProjectV2/compiledrepos/worker_dualA/42949039/herd-code/herd-core/src/test/java/org/finra/herd/core/helper/ConfigurationHelperTest.java:[98,16] package org.mockito does not exist
[ERROR] /C:/Users/osart/ATR_ProjectV2/compiledrepos/worker_dualA/42949039/herd-code/herd-core/src/test/java/org/finra/herd/core/helper/ConfigurationHelperTest.java:[102,16] package org.mockito does not exist
[ERROR] /C:/Users/osart/ATR_ProjectV2/compiledrepos/worker_dualA/42949039/herd-code/herd-core/src/test/java/org/finra/herd/core/helper/ConfigurationHelperTest.java:[103,16] package org.mockito does not exist
[INFO] 5 errors 
[INFO] -------------------------------------------------------------
[INFO] ------------------------------------------------------------------------
[INFO] BUILD FAILURE
[INFO] ------------------------------------------------------------------------
[INFO] Total time:  6.741 s
[INFO] Finished at: 2026-03-16T01:17:18-04:00
[INFO] ------------------------------------------------------------------------
[ERROR] Failed to execute goal org.apache.maven.plugins:maven-compiler-plugin:3.7.0:testCompile (default-testCompile) on project herd-core: Compilation failure: Compilation failure: 
[ERROR] /C:/Users/osart/ATR_ProjectV2/compiledrepos/worker_dualA/42949039/herd-code/herd-core/src/test/java/org/finra/herd/core/helper/ConfigurationHelperTest.java:[89,71] package org.mockito does not exist
[ERROR] /C:/Users/osart/ATR_ProjectV2/compiledrepos/worker_dualA/42949039/herd-code/herd-core/src/test/java/org/finra/herd/core/helper/ConfigurationHelperTest.java:[95,16] package org.mockito does not exist
[ERROR] /C:/Users/osart/ATR_ProjectV2/compiledrepos/worker_dualA/42949039/herd-code/herd-core/src/test/java/org/finra/herd/core/helper/ConfigurationHelperTest.java:[98,16] package org.mockito does not exist
[ERROR] /C:/Users/osart/ATR_ProjectV2/compiledrepos/worker_dualA/42949039/herd-code/herd-core/src/test/java/org/finra/herd/core/helper/ConfigurationHelperTest.java:[102,16] package org.mockito does not exist
[ERROR] /C:/Users/osart/ATR_ProjectV2/compiledrepos/worker_dualA/42949039/herd-code/herd-core/src/test/java/org/finra/herd/core/helper/ConfigurationHelperTest.java:[103,16] package org.mockito does not exist
[ERROR] -> [Help 1]
[ERROR] 
[ERROR] To see the full stack trace of the errors, re-run Maven with the -e switch.
[ERROR] Re-run Maven using the -X switch to enable full debug logging.
[ERROR] 
[ERROR] For more information about the errors and possible solutions, please read the following articles:
[ERROR] [Help 1] http://cwiki.apache.org/confluence/display/MAVEN/MojoFailureException

===== MAVEN BASELINE-TEST END returncode=1 =====
[2026-03-16 01:17:20] Finished smoke baseline-test in 10.13s with returncode=1
[2026-03-16 01:17:20] Baseline failure log captured at C:\Users\osart\ATR_ProjectV2\output\worker_dualA\42949039\latest_failure_log.txt
[2026-03-16 01:17:20] [RegenerativeSync] Compile retry 1/1 for ConfigurationHelperTest.
[2026-03-16 01:20:49] Smoke execution started. baseline_module_args=['-pl', 'herd-code/herd-core'] pit_module_args=['-pl', 'herd-code/herd-core'] test_classes=-Dtest=ConfigurationHelperTest#testGetPropertyReturnDefaultWhenValueConversionFails target_tests=['org.finra.herd.core.helper.ConfigurationHelperTest'] target_classes=['org.finra.herd.core.helper.ConfigurationHelper'] ast_test_method=testGetPropertyReturnDefaultWhenValueConversionFails ast_focal_method=getProperty excluded_mutation_methods=['getBigDecimalRequiredProperty', 'getBooleanProperty', 'getNonNegativeBigDecimalRequiredProperty', 'getPropertyAsString', 'getRequiredProperty', 'logErrorAndThrowIllegalStateException'] timeout=900s
[2026-03-16 01:20:49] Maven baseline command: mvn.cmd -o -B -pl herd-code/herd-core -Dtest=ConfigurationHelperTest#testGetPropertyReturnDefaultWhenValueConversionFails -Drat.skip=true -DfailIfNoTests=false -Dcheckstyle.skip=true jacoco:prepare-agent test jacoco:report
[2026-03-16 01:20:49] Maven PIT command: mvn.cmd -o -B -pl herd-code/herd-core -DtargetTests=org.finra.herd.core.helper.ConfigurationHelperTest -DtargetClasses=org.finra.herd.core.helper.ConfigurationHelper -DincludedTestMethods=testGetPropertyReturnDefaultWhenValueConversionFails -Dpitest.includedMethods=getProperty -DexcludedMethods=getBigDecimalRequiredProperty,getBooleanProperty,getNonNegativeBigDecimalRequiredProperty,getPropertyAsString,getRequiredProperty,logErrorAndThrowIllegalStateException -DfailWhenNoMutations=false -Dthreads=1 -DtimeoutConstant=120000 -DtimeoutFactor=4.0 -DparseSurefireArgLine=false -Dfeatures=-auto_threads -Drat.skip=true -DfailIfNoTests=false -Dcheckstyle.skip=true org.pitest:pitest-maven:mutationCoverage
[2026-03-16 01:20:49] Starting smoke baseline-test command=mvn.cmd -o -B -pl herd-code/herd-core -Dtest=ConfigurationHelperTest#testGetPropertyReturnDefaultWhenValueConversionFails -Drat.skip=true -DfailIfNoTests=false -Dcheckstyle.skip=true jacoco:prepare-agent test jacoco:report cwd=C:\Users\osart\ATR_ProjectV2\compiledrepos\worker_dualA\42949039

===== MAVEN BASELINE-TEST START =====
[INFO] Scanning for projects...
[INFO] 
[INFO] ----------------------< org.finra.herd:herd-core >----------------------
[INFO] Building herd core 0.176.0-SNAPSHOT
[INFO]   from pom.xml
[INFO] --------------------------------[ jar ]---------------------------------
[INFO] 
[INFO] --- jacoco:0.8.7:prepare-agent (default-cli) @ herd-core ---
[INFO] surefireArgLine set to -javaagent:C:\\Users\\osart\\.m2\\repository\\org\\jacoco\\org.jacoco.agent\\0.8.7\\org.jacoco.agent-0.8.7-runtime.jar=destfile=C:\\Users\\osart\\ATR_ProjectV2\\compiledrepos\\worker_dualA\\42949039\\herd-code\\herd-core\\target\\jacoco.exec,includes=org/finra/herd/core/helper/ConfigurationHelper*,output=file
[INFO] 
[INFO] --- jacoco:0.8.7:prepare-agent (jacoco-initialize) @ herd-core ---
[INFO] surefireArgLine set to -javaagent:C:\\Users\\osart\\.m2\\repository\\org\\jacoco\\org.jacoco.agent\\0.8.7\\org.jacoco.agent-0.8.7-runtime.jar=destfile=C:\\Users\\osart\\ATR_ProjectV2\\compiledrepos\\worker_dualA\\42949039\\herd-code\\herd-core\\target\\jacoco.exec,includes=org/finra/herd/core/helper/ConfigurationHelper*,output=file
[INFO] 
[INFO] --- build-helper:3.0.0:add-source (default) @ herd-core ---
[INFO] Source directory: C:\Users\osart\ATR_ProjectV2\compiledrepos\worker_dualA\42949039\herd-code\herd-core\target\generated-sources added.
[INFO] 
[INFO] --- resources:3.0.2:resources (default-resources) @ herd-core ---
[INFO] Using 'UTF-8' encoding to copy filtered resources.
[INFO] Copying 1 resource
[INFO] Copying 2 resources
[INFO] 
[INFO] --- flatten:1.1.0:flatten (flatten) @ herd-core ---
[INFO] Generating flattened POM of project org.finra.herd:herd-core:jar:0.176.0-SNAPSHOT...
[INFO] 
[INFO] --- compiler:3.7.0:compile (default-compile) @ herd-core ---
[INFO] Nothing to compile - all classes are up to date
[INFO] 
[INFO] --- resources:3.0.2:testResources (default-testResources) @ herd-core ---
[INFO] Using 'UTF-8' encoding to copy filtered resources.
[INFO] Copying 1 resource
[INFO] 
[INFO] --- compiler:3.7.0:testCompile (default-testCompile) @ herd-core ---
[INFO] Changes detected - recompiling the module!
[INFO] Compiling 18 source files to C:\Users\osart\ATR_ProjectV2\compiledrepos\worker_dualA\42949039\herd-code\herd-core\target\test-classes
[INFO] /C:/Users/osart/ATR_ProjectV2/compiledrepos/worker_dualA/42949039/herd-code/herd-core/src/test/java/org/finra/herd/core/AbstractCoreTest.java: C:\Users\osart\ATR_ProjectV2\compiledrepos\worker_dualA\42949039\herd-code\herd-core\src\test\java\org\finra\herd\core\AbstractCoreTest.java uses or overrides a deprecated API.
[INFO] /C:/Users/osart/ATR_ProjectV2/compiledrepos/worker_dualA/42949039/herd-code/herd-core/src/test/java/org/finra/herd/core/AbstractCoreTest.java: Recompile with -Xlint:deprecation for details.
[INFO] -------------------------------------------------------------
[ERROR] COMPILATION ERROR : 
[INFO] -------------------------------------------------------------
[ERROR] /C:/Users/osart/ATR_ProjectV2/compiledrepos/worker_dualA/42949039/herd-code/herd-core/src/test/java/org/finra/herd/core/helper/ConfigurationHelperTest.java:[73,5] cannot find symbol
  symbol:   class Environment
  location: class org.finra.herd.core.helper.ConfigurationHelperTest
[ERROR] /C:/Users/osart/ATR_ProjectV2/compiledrepos/worker_dualA/42949039/herd-code/herd-core/src/test/java/org/finra/herd/core/helper/ConfigurationHelperTest.java:[73,36] cannot find symbol
  symbol:   class Environment
  location: class org.finra.herd.core.helper.ConfigurationHelperTest
[INFO] 2 errors 
[INFO] -------------------------------------------------------------
[INFO] ------------------------------------------------------------------------
[INFO] BUILD FAILURE
[INFO] ------------------------------------------------------------------------
[INFO] Total time:  6.731 s
[INFO] Finished at: 2026-03-16T01:20:58-04:00
[INFO] ------------------------------------------------------------------------
[ERROR] Failed to execute goal org.apache.maven.plugins:maven-compiler-plugin:3.7.0:testCompile (default-testCompile) on project herd-core: Compilation failure: Compilation failure: 
[ERROR] /C:/Users/osart/ATR_ProjectV2/compiledrepos/worker_dualA/42949039/herd-code/herd-core/src/test/java/org/finra/herd/core/helper/ConfigurationHelperTest.java:[73,5] cannot find symbol
[ERROR]   symbol:   class Environment
[ERROR]   location: class org.finra.herd.core.helper.ConfigurationHelperTest
[ERROR] /C:/Users/osart/ATR_ProjectV2/compiledrepos/worker_dualA/42949039/herd-code/herd-core/src/test/java/org/finra/herd/core/helper/ConfigurationHelperTest.java:[73,36] cannot find symbol
[ERROR]   symbol:   class Environment
[ERROR]   location: class org.finra.herd.core.helper.ConfigurationHelperTest
[ERROR] -> [Help 1]
[ERROR] 
[ERROR] To see the full stack trace of the errors, re-run Maven with the -e switch.
[ERROR] Re-run Maven using the -X switch to enable full debug logging.
[ERROR] 
[ERROR] For more information about the errors and possible solutions, please read the following articles:
[ERROR] [Help 1] http://cwiki.apache.org/confluence/display/MAVEN/MojoFailureException

===== MAVEN BASELINE-TEST END returncode=1 =====
[2026-03-16 01:20:59] Finished smoke baseline-test in 10.12s with returncode=1
[2026-03-16 01:20:59] Baseline failure log captured at C:\Users\osart\ATR_ProjectV2\output\worker_dualA\42949039\latest_failure_log.txt
[2026-03-16 01:20:59] [RegenerativeSync] Compile retry exhausted for ConfigurationHelperTest.
[2026-03-16 01:21:00] Smoke execution started. baseline_module_args=['-pl', 'herd-code/herd-core'] pit_module_args=['-pl', 'herd-code/herd-core'] test_classes=-Dtest=ConfigurationHelperTest#testGetPropertyReturnDefaultWhenValueConversionFails target_tests=['org.finra.herd.core.helper.ConfigurationHelperTest'] target_classes=['org.finra.herd.core.helper.ConfigurationHelper'] ast_test_method=testGetPropertyReturnDefaultWhenValueConversionFails ast_focal_method=getProperty excluded_mutation_methods=['getBigDecimalRequiredProperty', 'getBooleanProperty', 'getNonNegativeBigDecimalRequiredProperty', 'getPropertyAsString', 'getRequiredProperty', 'logErrorAndThrowIllegalStateException'] timeout=900s
[2026-03-16 01:21:00] Maven baseline command: mvn.cmd -o -B -pl herd-code/herd-core -Dtest=ConfigurationHelperTest#testGetPropertyReturnDefaultWhenValueConversionFails -Drat.skip=true -DfailIfNoTests=false -Dcheckstyle.skip=true jacoco:prepare-agent test jacoco:report
[2026-03-16 01:21:00] Maven PIT command: mvn.cmd -o -B -pl herd-code/herd-core -DtargetTests=org.finra.herd.core.helper.ConfigurationHelperTest -DtargetClasses=org.finra.herd.core.helper.ConfigurationHelper -DincludedTestMethods=testGetPropertyReturnDefaultWhenValueConversionFails -Dpitest.includedMethods=getProperty -DexcludedMethods=getBigDecimalRequiredProperty,getBooleanProperty,getNonNegativeBigDecimalRequiredProperty,getPropertyAsString,getRequiredProperty,logErrorAndThrowIllegalStateException -DfailWhenNoMutations=false -Dthreads=1 -DtimeoutConstant=120000 -DtimeoutFactor=4.0 -DparseSurefireArgLine=false -Dfeatures=-auto_threads -Drat.skip=true -DfailIfNoTests=false -Dcheckstyle.skip=true org.pitest:pitest-maven:mutationCoverage
[2026-03-16 01:21:00] Starting smoke baseline-test command=mvn.cmd -o -B -pl herd-code/herd-core -Dtest=ConfigurationHelperTest#testGetPropertyReturnDefaultWhenValueConversionFails -Drat.skip=true -DfailIfNoTests=false -Dcheckstyle.skip=true jacoco:prepare-agent test jacoco:report cwd=C:\Users\osart\ATR_ProjectV2\compiledrepos\worker_dualA\42949039

===== MAVEN BASELINE-TEST START =====
[INFO] Scanning for projects...
[INFO] 
[INFO] ----------------------< org.finra.herd:herd-core >----------------------
[INFO] Building herd core 0.176.0-SNAPSHOT
[INFO]   from pom.xml
[INFO] --------------------------------[ jar ]---------------------------------
[INFO] 
[INFO] --- jacoco:0.8.7:prepare-agent (default-cli) @ herd-core ---
[INFO] surefireArgLine set to -javaagent:C:\\Users\\osart\\.m2\\repository\\org\\jacoco\\org.jacoco.agent\\0.8.7\\org.jacoco.agent-0.8.7-runtime.jar=destfile=C:\\Users\\osart\\ATR_ProjectV2\\compiledrepos\\worker_dualA\\42949039\\herd-code\\herd-core\\target\\jacoco.exec,includes=org/finra/herd/core/helper/ConfigurationHelper*,output=file
[INFO] 
[INFO] --- jacoco:0.8.7:prepare-agent (jacoco-initialize) @ herd-core ---
[INFO] surefireArgLine set to -javaagent:C:\\Users\\osart\\.m2\\repository\\org\\jacoco\\org.jacoco.agent\\0.8.7\\org.jacoco.agent-0.8.7-runtime.jar=destfile=C:\\Users\\osart\\ATR_ProjectV2\\compiledrepos\\worker_dualA\\42949039\\herd-code\\herd-core\\target\\jacoco.exec,includes=org/finra/herd/core/helper/ConfigurationHelper*,output=file
[INFO] 
[INFO] --- build-helper:3.0.0:add-source (default) @ herd-core ---
[INFO] Source directory: C:\Users\osart\ATR_ProjectV2\compiledrepos\worker_dualA\42949039\herd-code\herd-core\target\generated-sources added.
[INFO] 
[INFO] --- resources:3.0.2:resources (default-resources) @ herd-core ---
[INFO] Using 'UTF-8' encoding to copy filtered resources.
[INFO] Copying 1 resource
[INFO] Copying 2 resources
[INFO] 
[INFO] --- flatten:1.1.0:flatten (flatten) @ herd-core ---
[INFO] Generating flattened POM of project org.finra.herd:herd-core:jar:0.176.0-SNAPSHOT...
[INFO] 
[INFO] --- compiler:3.7.0:compile (default-compile) @ herd-core ---
[INFO] Nothing to compile - all classes are up to date
[INFO] 
[INFO] --- resources:3.0.2:testResources (default-testResources) @ herd-core ---
[INFO] Using 'UTF-8' encoding to copy filtered resources.
[INFO] Copying 1 resource
[INFO] 
[INFO] --- compiler:3.7.0:testCompile (default-testCompile) @ herd-core ---
[INFO] Changes detected - recompiling the module!
[INFO] Compiling 18 source files to C:\Users\osart\ATR_ProjectV2\compiledrepos\worker_dualA\42949039\herd-code\herd-core\target\test-classes
[INFO] /C:/Users/osart/ATR_ProjectV2/compiledrepos/worker_dualA/42949039/herd-code/herd-core/src/test/java/org/finra/herd/core/AbstractCoreTest.java: C:\Users\osart\ATR_ProjectV2\compiledrepos\worker_dualA\42949039\herd-code\herd-core\src\test\java\org\finra\herd\core\AbstractCoreTest.java uses or overrides a deprecated API.
[INFO] /C:/Users/osart/ATR_ProjectV2/compiledrepos/worker_dualA/42949039/herd-code/herd-core/src/test/java/org/finra/herd/core/AbstractCoreTest.java: Recompile with -Xlint:deprecation for details.
[INFO] -------------------------------------------------------------
[ERROR] COMPILATION ERROR : 
[INFO] -------------------------------------------------------------
[ERROR] /C:/Users/osart/ATR_ProjectV2/compiledrepos/worker_dualA/42949039/herd-code/herd-core/src/test/java/org/finra/herd/core/helper/ConfigurationHelperTest.java:[73,5] cannot find symbol
  symbol:   class Environment
  location: class org.finra.herd.core.helper.ConfigurationHelperTest
[ERROR] /C:/Users/osart/ATR_ProjectV2/compiledrepos/worker_dualA/42949039/herd-code/herd-core/src/test/java/org/finra/herd/core/helper/ConfigurationHelperTest.java:[73,36] cannot find symbol
  symbol:   class Environment
  location: class org.finra.herd.core.helper.ConfigurationHelperTest
[INFO] 2 errors 
[INFO] -------------------------------------------------------------
[INFO] ------------------------------------------------------------------------
[INFO] BUILD FAILURE
[INFO] ------------------------------------------------------------------------
[INFO] Total time:  6.737 s
[INFO] Finished at: 2026-03-16T01:21:09-04:00
[INFO] ------------------------------------------------------------------------
[ERROR] Failed to execute goal org.apache.maven.plugins:maven-compiler-plugin:3.7.0:testCompile (default-testCompile) on project herd-core: Compilation failure: Compilation failure: 
[ERROR] /C:/Users/osart/ATR_ProjectV2/compiledrepos/worker_dualA/42949039/herd-code/herd-core/src/test/java/org/finra/herd/core/helper/ConfigurationHelperTest.java:[73,5] cannot find symbol
[ERROR]   symbol:   class Environment
[ERROR]   location: class org.finra.herd.core.helper.ConfigurationHelperTest
[ERROR] /C:/Users/osart/ATR_ProjectV2/compiledrepos/worker_dualA/42949039/herd-code/herd-core/src/test/java/org/finra/herd/core/helper/ConfigurationHelperTest.java:[73,36] cannot find symbol
[ERROR]   symbol:   class Environment
[ERROR]   location: class org.finra.herd.core.helper.ConfigurationHelperTest
[ERROR] -> [Help 1]
[ERROR] 
[ERROR] To see the full stack trace of the errors, re-run Maven with the -e switch.
[ERROR] Re-run Maven using the -X switch to enable full debug logging.
[ERROR] 
[ERROR] For more information about the errors and possible solutions, please read the following articles:
[ERROR] [Help 1] http://cwiki.apache.org/confluence/display/MAVEN/MojoFailureException

===== MAVEN BASELINE-TEST END returncode=1 =====
[2026-03-16 01:21:09] Finished smoke baseline-test in 9.13s with returncode=1
[2026-03-16 01:21:09] Baseline failure log captured at C:\Users\osart\ATR_ProjectV2\output\worker_dualA\42949039\latest_failure_log.txt
